{"info":[{"origin": 135.868, "child": "RA024"}],"duration":[{"start": 1521.87, "end": 1757.357}],"rabc":[{"start": 1521.874, "end": 1604.32, "val": "RABC"}],"stages":[{"start": 1522.273, "end": 1530.287, "val": "greeting"},{"start": 1533.187, "end": 1589.365, "val": "ball"},{"start": 1591.393, "end": 1665.04, "val": "book"},{"start": 1665.072, "end": 1673.81, "val": "hat"},{"start": 1674.332, "end": 1703.21, "val": "tickle"},{"start": 1739.951, "end": 1742.897, "val": "name_s"},{"start": 1754.786, "end": 1757.357, "val": "name_f"}],"red":[{"start": 1523.432, "end": 1525.538, "val": "child_vocalization"},{"start": 1526.282, "end": 1532.985, "val": "child_vocalization"},{"start": 1534.003, "end": 1535.283, "val": "child_vocalization"},{"start": 1537.707, "end": 1539.235, "val": "child_vocalization"},{"start": 1540.173, "end": 1541.372, "val": "child_vocalization"},{"start": 1548.868, "end": 1549.67, "val": "child_vocalization"},{"start": 1558.47, "end": 1559.385, "val": "child_vocalization"},{"start": 1560.317, "end": 1562.968, "val": "child_vocalization"},{"start": 1564.466, "end": 1566.187, "val": "child_vocalization"},{"start": 1566.787, "end": 1568.554, "val": "child_vocalization"},{"start": 1569.192, "end": 1570.087, "val": "child_vocalization"},{"start": 1581.003, "end": 1582.245, "val": "child_vocalization"},{"start": 1583.448, "end": 1583.803, "val": "child_vocalization"},{"start": 1585.068, "end": 1586.57, "val": "child_vocalization"},{"start": 1644.568, "end": 1645.617, "val": "child_vocalization"},{"start": 1658.003, "end": 1658.485, "val": "child_vocalization"},{"start": 1699.67, "end": 1700.103, "val": "child_vocalization"},{"start": 1703.152, "end": 1703.554, "val": "child_vocalization"}],"green":[{"start": 1537.122, "end": 1539.034, "val": "gesture_pat_table"},{"start": 1540.517, "end": 1541.856, "val": "gesture_pat_table"},{"start": 1644.24, "end": 1645.341, "val": "gesture_tap"},{"start": 1681.092, "end": 1681.919, "val": "gesture_reach"},{"start": 1692.657, "end": 1695.437, "val": "gesture_reach"},{"start": 1695.957, "end": 1698.387, "val": "gesture_reach"},{"start": 1547.094, "end": 1549.157, "val": "gesture_reach"},{"start": 1557.497, "end": 1569.997, "val": "gesture_reach"},{"start": 1580.874, "end": 1586.889, "val": "gesture_reach"}],"blue":[{"start": 1530.544, "end": 1531.177, "val": "gaze_ex_face"},{"start": 1535.472, "end": 1535.837, "val": "gaze_ex_face"},{"start": 1537.833, "end": 1538.247, "val": "gaze_ex_face"},{"start": 1546.645, "end": 1547.112, "val": "gaze_ex_face"},{"start": 1576.072, "end": 1576.412, "val": "gaze_ex_face"},{"start": 1665.694, "end": 1674.537, "val": "gaze_ex_face"},{"start": 1675.834, "end": 1677.762, "val": "gaze_ex_face"},{"start": 1685.369, "end": 1685.587, "val": "gaze_ex_face"},{"start": 1690.427, "end": 1691.202, "val": "gaze_ex_face"},{"start": 1694.524, "end": 1695.221, "val": "gaze_ex_face"},{"start": 1701.984, "end": 1703.212, "val": "gaze_ex_face"},{"start": 1741.267, "end": 1742.67, "val": "gaze_ex_face"},{"start": 1755.955, "end": 1757.001, "val": "gaze_ex_face"}],"dashes":[{"start": 1534.009, "end": 1535.421, "val": "gaze_ball"},{"start": 1536.399, "end": 1537.762, "val": "gaze_ball"},{"start": 1541.636, "end": 1543.068, "val": "gaze_ball"},{"start": 1543.969, "end": 1546.158, "val": "gaze_ball"},{"start": 1547.254, "end": 1548.352, "val": "gaze_ball"},{"start": 1555.432, "end": 1557.182, "val": "gaze_ball"},{"start": 1558.646, "end": 1559.022, "val": "gaze_ball"},{"start": 1562.286, "end": 1562.742, "val": "gaze_ball"},{"start": 1571.452, "end": 1575.867, "val": "gaze_ball"},{"start": 1576.479, "end": 1578.327, "val": "gaze_ball"},{"start": 1579.211, "end": 1580.17, "val": "gaze_ball"},{"start": 1585.404, "end": 1589.284, "val": "gaze_ball"},{"start": 1591.769, "end": 1592.552, "val": "gaze_book"},{"start": 1593.597, "end": 1596.976, "val": "gaze_book"},{"start": 1598.552, "end": 1598.907, "val": "gaze_book"},{"start": 1600.176, "end": 1612.802, "val": "gaze_book"},{"start": 1614.061, "end": 1657.417, "val": "gaze_book"},{"start": 1659.181, "end": 1665.131, "val": "gaze_book"},{"start": 1677.826, "end": 1678.787, "val": "gaze_ex_hands"},{"start": 1679.841, "end": 1681.912, "val": "gaze_ex_hands"},{"start": 1685.619, "end": 1687.757, "val": "gaze_ex_hands"},{"start": 1691.571, "end": 1694.432, "val": "gaze_ex_hands"},{"start": 1695.252, "end": 1699.157, "val": "gaze_ex_hands"},{"start": 1556.668, "end": 1558.433, "val": "child_laugh"},{"start": 1562.968, "end": 1564.34, "val": "child_whine_cry"},{"start": 1578.317, "end": 1580.521, "val": "child_laugh"}],"linebreak":[],"filled":[{"start": 1534.268, "end": 1536.803, "val": "look at my ball"},{"start": 1592.433, "end": 1593.903, "val": "look at my book"},{"start": 1606.003, "end": 1607.572, "val": "what's next?"},{"start": 1609.843, "end": 1611.17, "val": "can you turn the page?"},{"start": 1617.703, "end": 1619.47, "val": "where is the ... ?"},{"start": 1630.068, "end": 1631.47, "val": "what's next?"},{"start": 1642.447, "end": 1644.235, "val": "what's next?"},{"start": 1651.768, "end": 1653.203, "val": "what's next?"},{"start": 1667.137, "end": 1668.285, "val": "where is the book?"},{"start": 1669.437, "end": 1671.637, "val": "it's a hat! It's on my head!"}],"unfilled":[{"start": 1525.786, "end": 1528.722, "val": "play with new toys"},{"start": 1538.472, "end": 1540.108, "val": "let's play ball"},{"start": 1540.882, "end": 1543.368, "val": "ready, set, ..."},{"start": 1544.273, "end": 1546.837, "val": "go!"},{"start": 1551.233, "end": 1553.503, "val": "ready, set, ..."},{"start": 1554.737, "end": 1556.803, "val": "go!"},{"start": 1570.87, "end": 1573.97, "val": "ready, set, ..."},{"start": 1576.968, "end": 1579.87, "val": "go!"},{"start": 1674.333, "end": 1676.85, "val": "gonna tickle you"},{"start": 1677.303, "end": 1681.582, "val": "gonna get you"},{"start": 1681.703, "end": 1683.55, "val": "tickle tickle tickle"},{"start": 1684.27, "end": 1688.137, "val": "gonna get you"},{"start": 1688.603, "end": 1690.305, "val": "tickle tickle tickle"},{"start": 1691.17, "end": 1695.285, "val": "gonna get you"},{"start": 1699.837, "end": 1702.737, "val": "tickle tickle tickle"}],"redfilled":[{"start": 1522.601, "end": 1523.954, "val": "hi_c_name"},{"start": 1739.952, "end": 1740.846, "val": "c_name"},{"start": 1754.787, "end": 1755.601, "val": "c_name"}],"examiner":[{"start": 1521.87, "end": 1525.32, "val": "c_face"},{"start": 1526.055, "end": 1526.305, "val": "c_face"},{"start": 1527.04, "end": 1530.1, "val": "c_face"},{"start": 1531.67, "end": 1532.24, "val": "c_face"},{"start": 1533.445, "end": 1538.195, "val": "c_face"},{"start": 1538.45, "end": 1539.1, "val": "c_face"},{"start": 1539.185, "end": 1544.555, "val": "c_face"},{"start": 1545.22, "end": 1547.21, "val": "c_face"},{"start": 1547.46, "end": 1547.82, "val": "c_face"},{"start": 1548.125, "end": 1549.035, "val": "c_face"},{"start": 1549.8, "end": 1550.12, "val": "c_face"},{"start": 1550.445, "end": 1555.055, "val": "c_face"},{"start": 1555.955, "end": 1559.535, "val": "c_face"},{"start": 1559.865, "end": 1566.005, "val": "c_face"},{"start": 1568.515, "end": 1569.565, "val": "c_face"},{"start": 1570.265, "end": 1570.925, "val": "c_face"},{"start": 1571.54, "end": 1581.1, "val": "c_face"},{"start": 1581.675, "end": 1582.795, "val": "c_face"},{"start": 1584.88, "end": 1585.48, "val": "c_face"},{"start": 1590.83, "end": 1596.49, "val": "c_face"},{"start": 1597.325, "end": 1598.155, "val": "c_face"},{"start": 1599.095, "end": 1600.005, "val": "c_face"},{"start": 1601.545, "end": 1602.205, "val": "c_face"},{"start": 1602.75, "end": 1603.72, "val": "c_face"},{"start": 1605.765, "end": 1606.095, "val": "c_face"},{"start": 1606.45, "end": 1607.0, "val": "c_face"},{"start": 1607.065, "end": 1607.345, "val": "c_face"},{"start": 1608.29, "end": 1609.12, "val": "c_face"},{"start": 1609.785, "end": 1610.415, "val": "c_face"},{"start": 1610.745, "end": 1613.315, "val": "c_face"},{"start": 1613.965, "end": 1614.615, "val": "c_face"},{"start": 1614.94, "end": 1617.57, "val": "c_face"},{"start": 1618.22, "end": 1622.16, "val": "c_face"},{"start": 1622.53, "end": 1623.38, "val": "c_face"},{"start": 1625.625, "end": 1626.645, "val": "c_face"},{"start": 1627.75, "end": 1629.62, "val": "c_face"},{"start": 1630.073, "end": 1632.413, "val": "c_face"},{"start": 1632.843, "end": 1635.023, "val": "c_face"},{"start": 1636.388, "end": 1636.858, "val": "c_face"},{"start": 1637.718, "end": 1639.218, "val": "c_face"},{"start": 1640.103, "end": 1642.233, "val": "c_face"},{"start": 1643.873, "end": 1644.853, "val": "c_face"},{"start": 1645.243, "end": 1646.543, "val": "c_face"},{"start": 1647.563, "end": 1648.193, "val": "c_face"},{"start": 1649.013, "end": 1651.653, "val": "c_face"},{"start": 1653.668, "end": 1657.618, "val": "c_face"},{"start": 1658.253, "end": 1658.503, "val": "c_face"},{"start": 1659.093, "end": 1660.273, "val": "c_face"},{"start": 1660.858, "end": 1673.188, "val": "c_face"},{"start": 1673.728, "end": 1674.068, "val": "c_face"},{"start": 1675.048, "end": 1707.588, "val": "c_face"}],"socialbid":[]}