{"info":[{"origin": 0, "child": "RA021"}],"duration":[{"start": 1536.0, "end": 1738.121}],"rabc":[{"start": 1536.003, "end": 1689.828, "val": "RABC"}],"stages":[{"start": 1536.493, "end": 1543.731, "val": "greeting"},{"start": 1544.051, "end": 1587.052, "val": "ball"},{"start": 1588.911, "end": 1655.188, "val": "book"},{"start": 1655.188, "end": 1664.212, "val": "hat"},{"start": 1665.118, "end": 1689.328, "val": "tickle"},{"start": 1723.335, "end": 1728.201, "val": "name_s"},{"start": 1735.417, "end": 1738.121, "val": "name_f"}],"red":[{"start": 1538.103, "end": 1538.935, "val": "child_verbalization"},{"start": 1540.274, "end": 1540.865, "val": "child_verbalization"},{"start": 1541.523, "end": 1542.267, "val": "child_verbalization"},{"start": 1546.495, "end": 1547.63, "val": "child_verbalization"},{"start": 1549.243, "end": 1549.772, "val": "child_verbalization"},{"start": 1556.433, "end": 1557.316, "val": "child_vocalization"},{"start": 1558.391, "end": 1560.029, "val": "child_verbalization"},{"start": 1562.257, "end": 1562.985, "val": "child_vocalization"},{"start": 1570.123, "end": 1571.829, "val": "child_verbalization"},{"start": 1575.191, "end": 1577.54, "val": "child_verbalization"},{"start": 1578.12, "end": 1580.219, "val": "child_vocalization"},{"start": 1588.608, "end": 1589.858, "val": "child_vocalization"},{"start": 1592.113, "end": 1592.61, "val": "child_vocalization"},{"start": 1602.31, "end": 1603.36, "val": "child_vocalization"},{"start": 1604.968, "end": 1605.792, "val": "child_vocalization"},{"start": 1610.889, "end": 1611.639, "val": "child_vocalization"},{"start": 1613.887, "end": 1614.927, "val": "child_vocalization"},{"start": 1618.199, "end": 1619.414, "val": "child_vocalization"},{"start": 1619.983, "end": 1621.166, "val": "child_vocalization"},{"start": 1621.862, "end": 1623.391, "val": "child_vocalization"},{"start": 1634.413, "end": 1634.992, "val": "child_verbalization"},{"start": 1637.494, "end": 1638.988, "val": "child_verbalization"},{"start": 1643.398, "end": 1644.169, "val": "child_vocalization"},{"start": 1651.404, "end": 1651.962, "val": "child_verbalization"},{"start": 1655.093, "end": 1656.277, "val": "child_vocalization"},{"start": 1662.481, "end": 1663.434, "val": "child_verbalization"},{"start": 1668.259, "end": 1669.087, "val": "child_vocalization"},{"start": 1670.516, "end": 1671.27, "val": "child_verbalization"},{"start": 1675.071, "end": 1675.587, "val": "child_verbalization"},{"start": 1676.262, "end": 1677.94, "val": "child_verbalization"},{"start": 1682.717, "end": 1684.674, "val": "child_verbalization"}],"green":[{"start": 1541.189, "end": 1541.913, "val": "gesture_head_nod"},{"start": 1550.809, "end": 1551.811, "val": "gesture_point"},{"start": 1551.811, "end": 1554.175, "val": "gesture_other"},{"start": 1569.613, "end": 1571.44, "val": "gesture_point"},{"start": 1571.598, "end": 1573.8, "val": "gesture_reach"},{"start": 1577.788, "end": 1578.501, "val": "gesture_point"},{"start": 1578.658, "end": 1581.296, "val": "gesture_other"},{"start": 1626.098, "end": 1629.656, "val": "gesture_point"},{"start": 1631.577, "end": 1633.592, "val": "gesture_head_nod"},{"start": 1670.087, "end": 1673.456, "val": "gesture_other"},{"start": 1673.702, "end": 1675.041, "val": "gesture_reach"},{"start": 1566.972, "end": 1569.285, "val": "gesture_reach"},{"start": 1573.81, "end": 1579.146, "val": "gesture_reach"}],"blue":[{"start": 1536.743, "end": 1537.072, "val": "gaze_ex_face"},{"start": 1537.967, "end": 1539.488, "val": "gaze_ex_face"},{"start": 1541.597, "end": 1542.838, "val": "gaze_ex_face"},{"start": 1545.371, "end": 1545.866, "val": "gaze_ex_face"},{"start": 1546.815, "end": 1548.068, "val": "gaze_ex_face"},{"start": 1548.457, "end": 1548.814, "val": "gaze_ex_face"},{"start": 1551.276, "end": 1551.765, "val": "gaze_ex_face"},{"start": 1552.888, "end": 1553.509, "val": "gaze_ex_face"},{"start": 1564.741, "end": 1565.064, "val": "gaze_ex_face"},{"start": 1571.339, "end": 1571.715, "val": "gaze_ex_face"},{"start": 1578.063, "end": 1578.533, "val": "gaze_ex_face"},{"start": 1580.149, "end": 1580.375, "val": "gaze_ex_face"},{"start": 1582.706, "end": 1583.559, "val": "gaze_ex_face"},{"start": 1592.584, "end": 1592.874, "val": "gaze_ex_face"},{"start": 1599.03, "end": 1599.259, "val": "gaze_ex_face"},{"start": 1606.147, "end": 1606.373, "val": "gaze_ex_face"},{"start": 1631.648, "end": 1633.227, "val": "gaze_ex_face"},{"start": 1656.049, "end": 1663.465, "val": "gaze_ex_face"},{"start": 1667.228, "end": 1667.914, "val": "gaze_ex_face"},{"start": 1672.608, "end": 1673.306, "val": "gaze_ex_face"},{"start": 1681.468, "end": 1682.151, "val": "gaze_ex_face"},{"start": 1686.289, "end": 1687.425, "val": "gaze_ex_face"},{"start": 1724.829, "end": 1727.056, "val": "gaze_ex_face"},{"start": 1727.847, "end": 1729.621, "val": "gaze_ex_face"},{"start": 1736.42, "end": 1737.299, "val": "gaze_ex_face"}],"dashes":[{"start": 1544.49, "end": 1545.206, "val": "gaze_ball"},{"start": 1545.998, "end": 1546.718, "val": "gaze_ball"},{"start": 1548.167, "end": 1548.428, "val": "gaze_ball"},{"start": 1548.877, "end": 1551.149, "val": "gaze_ball"},{"start": 1553.614, "end": 1555.894, "val": "gaze_ball"},{"start": 1562.601, "end": 1563.01, "val": "gaze_ball"},{"start": 1565.119, "end": 1565.57, "val": "gaze_ball"},{"start": 1566.265, "end": 1567.301, "val": "gaze_ball"},{"start": 1572.429, "end": 1575.038, "val": "gaze_ball"},{"start": 1575.59, "end": 1575.872, "val": "gaze_par_face"},{"start": 1583.658, "end": 1584.149, "val": "gaze_ball"},{"start": 1589.105, "end": 1592.452, "val": "gaze_book"},{"start": 1592.973, "end": 1595.645, "val": "gaze_book"},{"start": 1597.19, "end": 1598.867, "val": "gaze_book"},{"start": 1599.359, "end": 1606.015, "val": "gaze_book"},{"start": 1606.472, "end": 1608.774, "val": "gaze_book"},{"start": 1610.242, "end": 1610.795, "val": "gaze_book"},{"start": 1612.274, "end": 1631.45, "val": "gaze_book"},{"start": 1633.392, "end": 1655.455, "val": "gaze_book"},{"start": 1667.942, "end": 1668.298, "val": "gaze_ex_hands"},{"start": 1670.273, "end": 1670.825, "val": "gaze_ex_hands"},{"start": 1671.217, "end": 1671.602, "val": "gaze_ex_hands"},{"start": 1671.826, "end": 1672.311, "val": "gaze_ex_hands"},{"start": 1673.352, "end": 1676.323, "val": "gaze_ex_hands"},{"start": 1685.7, "end": 1686.091, "val": "gaze_par_face"},{"start": 1687.785, "end": 1688.336, "val": "gaze_ex_hands"},{"start": 1689.005, "end": 1689.261, "val": "gaze_ex_hands"},{"start": 1670.516, "end": 1672.5, "val": "child_laugh"},{"start": 1674.2, "end": 1674.796, "val": "child_laugh"},{"start": 1679.875, "end": 1681.594, "val": "child_laugh"},{"start": 1687.474, "end": 1689.023, "val": "child_laugh"}],"linebreak":[{"start": 1561.576, "end": 1565.492, "val": "c_disengage"}],"filled":[{"start": 1544.81, "end": 1546.291, "val": "look at my ball"},{"start": 1590.335, "end": 1591.28, "val": "look at my book"},{"start": 1605.223, "end": 1606.508, "val": "what's next?"},{"start": 1615.143, "end": 1616.387, "val": "what's next?"},{"start": 1620.516, "end": 1621.706, "val": "where is the ... ?"},{"start": 1624.299, "end": 1625.668, "val": "where is the ... ?"},{"start": 1629.197, "end": 1630.978, "val": "what's next?"},{"start": 1632.44, "end": 1633.809, "val": "can you turn the page?"},{"start": 1638.569, "end": 1639.76, "val": "can you turn the page?"},{"start": 1643.497, "end": 1644.619, "val": "can you turn the page?"},{"start": 1648.144, "end": 1649.202, "val": "can you turn the page?"},{"start": 1658.463, "end": 1659.466, "val": "where is the book?"},{"start": 1660.051, "end": 1661.662, "val": "it's a hat! It's on my head!"}],"unfilled":[{"start": 1538.659, "end": 1541.061, "val": "play with new toys"},{"start": 1549.341, "end": 1550.271, "val": "let's play ball"},{"start": 1550.98, "end": 1553.053, "val": "ready, set, ..."},{"start": 1553.496, "end": 1555.113, "val": "go!"},{"start": 1562.076, "end": 1564.316, "val": "ready, set, ..."},{"start": 1565.383, "end": 1567.472, "val": "go!"},{"start": 1569.625, "end": 1571.771, "val": "ready, set, ..."},{"start": 1572.67, "end": 1574.327, "val": "go!"},{"start": 1579.812, "end": 1581.841, "val": "ready, set, ..."},{"start": 1583.461, "end": 1586.57, "val": "go!"},{"start": 1665.123, "end": 1666.616, "val": "gonna tickle you"},{"start": 1667.049, "end": 1670.657, "val": "gonna get you"},{"start": 1671.085, "end": 1672.501, "val": "tickle tickle tickle"},{"start": 1673.048, "end": 1676.586, "val": "gonna get you"},{"start": 1677.97, "end": 1679.44, "val": "tickle tickle tickle"},{"start": 1680.116, "end": 1683.969, "val": "gonna get you"},{"start": 1687.25, "end": 1689.23, "val": "tickle tickle tickle"}],"redfilled":[{"start": 1536.493, "end": 1537.889, "val": "hi_c_name"},{"start": 1723.335, "end": 1724.2, "val": "c_name"},{"start": 1735.417, "end": 1736.296, "val": "c_name"}],"examiner":[{"start": 1536.0, "end": 1543.62, "val": "c_face"},{"start": 1544.8, "end": 1548.98, "val": "c_face"},{"start": 1550.76, "end": 1554.38, "val": "c_face"},{"start": 1554.795, "end": 1556.455, "val": "c_face"},{"start": 1562.1, "end": 1566.0, "val": "c_face"},{"start": 1566.795, "end": 1568.565, "val": "c_face"},{"start": 1569.2, "end": 1572.87, "val": "c_face"},{"start": 1573.9, "end": 1574.93, "val": "c_face"},{"start": 1579.14, "end": 1583.37, "val": "c_face"},{"start": 1583.96, "end": 1586.27, "val": "c_face"},{"start": 1590.125, "end": 1593.275, "val": "c_face"},{"start": 1596.845, "end": 1598.785, "val": "c_face"},{"start": 1599.83, "end": 1600.24, "val": "c_face"},{"start": 1601.425, "end": 1603.565, "val": "c_face"},{"start": 1605.525, "end": 1606.815, "val": "c_face"},{"start": 1607.14, "end": 1609.16, "val": "c_face"},{"start": 1613.21, "end": 1614.18, "val": "c_face"},{"start": 1614.675, "end": 1614.955, "val": "c_face"},{"start": 1616.225, "end": 1616.795, "val": "c_face"},{"start": 1617.465, "end": 1618.015, "val": "c_face"},{"start": 1618.485, "end": 1620.005, "val": "c_face"},{"start": 1620.385, "end": 1623.175, "val": "c_face"},{"start": 1623.92, "end": 1624.43, "val": "c_face"},{"start": 1625.195, "end": 1626.395, "val": "c_face"},{"start": 1627.005, "end": 1627.715, "val": "c_face"},{"start": 1628.365, "end": 1628.865, "val": "c_face"},{"start": 1631.145, "end": 1634.195, "val": "c_face"},{"start": 1635.645, "end": 1635.995, "val": "c_face"},{"start": 1636.515, "end": 1636.655, "val": "c_face"},{"start": 1637.955, "end": 1638.635, "val": "c_face"},{"start": 1639.22, "end": 1640.32, "val": "c_face"},{"start": 1641.87, "end": 1643.42, "val": "c_face"},{"start": 1643.865, "end": 1644.335, "val": "c_face"},{"start": 1645.89, "end": 1646.08, "val": "c_face"},{"start": 1647.11, "end": 1648.05, "val": "c_face"},{"start": 1648.595, "end": 1652.995, "val": "c_face"},{"start": 1653.9, "end": 1663.5, "val": "c_face"},{"start": 1665.99, "end": 1675.59, "val": "c_face"},{"start": 1676.08, "end": 1688.11, "val": "c_face"}],"socialbid":[{"start": 1546.495, "end": 1548.165, "val": "soc_bid"},{"start": 1550.809, "end": 1554.19, "val": "soc_bid"},{"start": 1569.613, "end": 1571.768, "val": "soc_bid"},{"start": 1577.788, "end": 1580.458, "val": "soc_bid"},{"start": 1592.113, "end": 1592.905, "val": "soc_bid"},{"start": 1631.577, "end": 1633.592, "val": "soc_bid"},{"start": 1662.481, "end": 1663.434, "val": "soc_bid"},{"start": 1670.07, "end": 1673.324, "val": "soc_bid"},{"start": 1673.702, "end": 1675.57, "val": "soc_bid"}]}