{"info":[{"origin": 161.665, "child": "RA038"}],"duration":[{"start": 1438.17, "end": 1616.548}],"rabc":[{"start": 1438.17, "end": 1452.501, "val": "RABC"}],"stages":[{"start": 1438.34, "end": 1444.391, "val": "greeting"},{"start": 1447.118, "end": 1474.87, "val": "ball"},{"start": 1488.901, "end": 1531.02, "val": "book"},{"start": 1531.051, "end": 1538.965, "val": "hat"},{"start": 1542.846, "end": 1570.313, "val": "tickle"},{"start": 1597.065, "end": 1601.036, "val": "name_s"},{"start": 1614.265, "end": 1616.548, "val": "name_f"}],"red":[{"start": 1442.736, "end": 1443.103, "val": "child_verbalization"},{"start": 1449.336, "end": 1450.878, "val": "child_vocalization"},{"start": 1491.465, "end": 1492.935, "val": "child_vocalization"},{"start": 1514.136, "end": 1514.701, "val": "child_verbalization"}],"green":[{"start": 1440.031, "end": 1441.855, "val": "gesture_point"},{"start": 1448.906, "end": 1452.54, "val": "gesture_reach"},{"start": 1491.17, "end": 1492.588, "val": "gesture_point"},{"start": 1509.221, "end": 1510.3, "val": "gesture_point"},{"start": 1534.266, "end": 1536.498, "val": "gesture_point"},{"start": 1456.236, "end": 1457.878, "val": "gesture_reach"},{"start": 1463.896, "end": 1464.886, "val": "gesture_reach"},{"start": 1473.316, "end": 1474.531, "val": "gesture_reach"}],"blue":[{"start": 1438.638, "end": 1439.385, "val": "gaze_ex_face"},{"start": 1449.963, "end": 1450.916, "val": "gaze_ex_face"},{"start": 1452.88, "end": 1454.78, "val": "gaze_ex_face"},{"start": 1456.78, "end": 1457.891, "val": "gaze_ex_face"},{"start": 1459.653, "end": 1460.251, "val": "gaze_ex_face"},{"start": 1464.146, "end": 1464.901, "val": "gaze_ex_face"},{"start": 1468.253, "end": 1469.341, "val": "gaze_ex_face"},{"start": 1473.268, "end": 1473.826, "val": "gaze_ex_face"},{"start": 1482.74, "end": 1483.037, "val": "gaze_ex_face"},{"start": 1493.136, "end": 1494.033, "val": "gaze_ex_face"},{"start": 1496.65, "end": 1497.73, "val": "gaze_ex_face"},{"start": 1504.845, "end": 1505.833, "val": "gaze_ex_face"},{"start": 1510.546, "end": 1511.325, "val": "gaze_ex_face"},{"start": 1527.605, "end": 1528.451, "val": "gaze_ex_face"},{"start": 1532.12, "end": 1538.716, "val": "gaze_ex_face"},{"start": 1540.606, "end": 1541.131, "val": "gaze_ex_face"},{"start": 1542.44, "end": 1543.861, "val": "gaze_ex_face"},{"start": 1544.841, "end": 1548.39, "val": "gaze_ex_face"},{"start": 1549.37, "end": 1550.521, "val": "gaze_ex_face"},{"start": 1551.307, "end": 1551.908, "val": "gaze_ex_face"},{"start": 1552.62, "end": 1556.766, "val": "gaze_ex_face"},{"start": 1558.198, "end": 1559.766, "val": "gaze_ex_face"},{"start": 1560.38, "end": 1562.541, "val": "gaze_ex_face"},{"start": 1567.595, "end": 1571.078, "val": "gaze_ex_face"},{"start": 1598.445, "end": 1600.475, "val": "gaze_ex_face"},{"start": 1615.811, "end": 1616.176, "val": "gaze_ex_face"}],"dashes":[{"start": 1447.516, "end": 1449.868, "val": "gaze_ball"},{"start": 1450.98, "end": 1452.816, "val": "gaze_ball"},{"start": 1454.841, "end": 1456.691, "val": "gaze_ball"},{"start": 1457.955, "end": 1459.621, "val": "gaze_ball"},{"start": 1461.91, "end": 1463.651, "val": "gaze_ball"},{"start": 1465.028, "end": 1465.971, "val": "gaze_ball"},{"start": 1470.49, "end": 1472.866, "val": "gaze_ball"},{"start": 1489.185, "end": 1493.041, "val": "gaze_book"},{"start": 1494.095, "end": 1496.586, "val": "gaze_book"},{"start": 1497.793, "end": 1504.781, "val": "gaze_book"},{"start": 1505.895, "end": 1510.451, "val": "gaze_book"},{"start": 1511.388, "end": 1527.551, "val": "gaze_book"},{"start": 1528.515, "end": 1531.231, "val": "gaze_book"},{"start": 1538.78, "end": 1540.263, "val": "gaze_book"},{"start": 1543.891, "end": 1544.746, "val": "gaze_ex_hands"},{"start": 1548.453, "end": 1549.306, "val": "gaze_ex_hands"},{"start": 1556.77, "end": 1558.166, "val": "gaze_ex_hands"},{"start": 1562.605, "end": 1565.156, "val": "gaze_ex_hands"}],"linebreak":[],"filled":[{"start": 1447.501, "end": 1448.903, "val": "look at my ball"},{"start": 1489.701, "end": 1490.87, "val": "look at my book"},{"start": 1508.201, "end": 1509.215, "val": "where is the ... ?"},{"start": 1532.736, "end": 1533.703, "val": "where is the book?"},{"start": 1535.366, "end": 1537.303, "val": "it's a hat! It's on my head!"}],"unfilled":[{"start": 1440.001, "end": 1442.273, "val": "play with new toys"},{"start": 1451.066, "end": 1452.17, "val": "let's play ball"},{"start": 1452.501, "end": 1454.551, "val": "ready, set, ..."},{"start": 1455.066, "end": 1456.408, "val": "go!"},{"start": 1458.836, "end": 1461.203, "val": "ready, set, ..."},{"start": 1462.166, "end": 1463.411, "val": "go!"},{"start": 1465.806, "end": 1468.376, "val": "ready, set, ..."},{"start": 1471.536, "end": 1472.905, "val": "go!"},{"start": 1542.97, "end": 1544.541, "val": "gonna tickle you"},{"start": 1545.536, "end": 1550.336, "val": "gonna get you"},{"start": 1550.936, "end": 1552.148, "val": "tickle tickle tickle"},{"start": 1553.401, "end": 1558.336, "val": "gonna get you"},{"start": 1558.736, "end": 1559.87, "val": "tickle tickle tickle"},{"start": 1561.236, "end": 1566.036, "val": "gonna get you"},{"start": 1568.366, "end": 1569.95, "val": "tickle tickle tickle"}],"redfilled":[{"start": 1438.336, "end": 1439.37, "val": "hi_c_name"},{"start": 1597.066, "end": 1597.705, "val": "c_name"},{"start": 1614.266, "end": 1614.948, "val": "c_name"}],"examiner":[{"start": 1438.183, "end": 1444.773, "val": "c_face"},{"start": 1447.508, "end": 1455.028, "val": "c_face"},{"start": 1455.961, "end": 1457.461, "val": "c_face"},{"start": 1458.646, "end": 1462.096, "val": "c_face"},{"start": 1462.96, "end": 1464.26, "val": "c_face"},{"start": 1465.05, "end": 1472.39, "val": "c_face"},{"start": 1500.231, "end": 1500.811, "val": "c_face"},{"start": 1501.871, "end": 1502.421, "val": "c_face"},{"start": 1504.971, "end": 1505.341, "val": "c_face"},{"start": 1508.676, "end": 1509.526, "val": "c_face"},{"start": 1521.141, "end": 1521.671, "val": "c_face"},{"start": 1523.516, "end": 1527.686, "val": "c_face"},{"start": 1527.731, "end": 1528.611, "val": "c_face"},{"start": 1531.046, "end": 1539.596, "val": "c_face"},{"start": 1542.091, "end": 1573.591, "val": "c_face"}],"socialbid":[]}