{"info":[{"origin": 126.685, "child": "RA043"}],"duration":[{"start": 1140.14, "end": 1317.616}],"rabc":[{"start": 1140.5, "end": 1279.8, "val": "RABC"}],"stages":[{"start": 1141.05, "end": 1146.601, "val": "greeting"},{"start": 1150.611, "end": 1184.3, "val": "ball"},{"start": 1188.393, "end": 1233.865, "val": "book"},{"start": 1233.896, "end": 1242.623, "val": "hat"},{"start": 1246.581, "end": 1279.675, "val": "tickle"},{"start": 1303.415, "end": 1310.78, "val": "name_s"},{"start": 1315.3, "end": 1317.616, "val": "name_f"}],"red":[{"start": 1145.715, "end": 1146.483, "val": "child_verbalization"},{"start": 1154.916, "end": 1155.283, "val": "child_verbalization"},{"start": 1156.281, "end": 1156.656, "val": "child_verbalization"},{"start": 1167.515, "end": 1168.25, "val": "child_verbalization"},{"start": 1191.716, "end": 1192.593, "val": "child_verbalization"},{"start": 1199.45, "end": 1200.496, "val": "child_verbalization"},{"start": 1205.481, "end": 1206.995, "val": "child_verbalization"},{"start": 1209.42, "end": 1210.183, "val": "child_vocalization"},{"start": 1215.115, "end": 1217.45, "val": "child_vocalization"},{"start": 1219.516, "end": 1220.661, "val": "child_verbalization"},{"start": 1221.316, "end": 1221.915, "val": "child_verbalization"},{"start": 1223.317, "end": 1223.983, "val": "child_verbalization"},{"start": 1226.481, "end": 1227.216, "val": "child_vocalization"},{"start": 1230.117, "end": 1231.258, "val": "child_verbalization"},{"start": 1232.415, "end": 1232.723, "val": "child_vocalization"},{"start": 1237.38, "end": 1239.156, "val": "child_verbalization"},{"start": 1244.35, "end": 1245.036, "val": "child_vocalization"},{"start": 1253.65, "end": 1254.75, "val": "child_verbalization"},{"start": 1259.38, "end": 1259.887, "val": "child_verbalization"},{"start": 1260.884, "end": 1261.598, "val": "child_verbalization"},{"start": 1279.117, "end": 1280.493, "val": "child_verbalization"}],"green":[{"start": 1145.846, "end": 1146.366, "val": "gesture_pat_table"},{"start": 1150.096, "end": 1151.006, "val": "gesture_pat_table"},{"start": 1151.921, "end": 1152.531, "val": "gesture_pat_table"},{"start": 1164.081, "end": 1165.668, "val": "gesture_reach"},{"start": 1170.546, "end": 1171.068, "val": "gesture_pat_table"},{"start": 1174.991, "end": 1175.368, "val": "gesture_pat_table"},{"start": 1176.401, "end": 1177.308, "val": "gesture_reach"},{"start": 1178.989, "end": 1179.521, "val": "gesture_point"},{"start": 1208.216, "end": 1208.866, "val": "gesture_tap"},{"start": 1211.011, "end": 1212.008, "val": "gesture_tap"},{"start": 1219.536, "end": 1220.433, "val": "gesture_pat_table"},{"start": 1235.616, "end": 1236.587, "val": "gesture_other"},{"start": 1236.591, "end": 1239.001, "val": "gesture_point"},{"start": 1260.326, "end": 1261.783, "val": "gesture_reach"},{"start": 1159.331, "end": 1161.213, "val": "gesture_reach"},{"start": 1166.536, "end": 1169.77, "val": "gesture_reach"},{"start": 1177.666, "end": 1180.285, "val": "gesture_reach"},{"start": 1181.736, "end": 1183.296, "val": "gesture_reach"}],"blue":[{"start": 1140.14, "end": 1141.596, "val": "gaze_ex_face"},{"start": 1144.498, "end": 1146.926, "val": "gaze_ex_face"},{"start": 1148.013, "end": 1148.325, "val": "gaze_ex_face"},{"start": 1151.888, "end": 1152.601, "val": "gaze_ex_face"},{"start": 1153.531, "end": 1153.826, "val": "gaze_ex_face"},{"start": 1154.673, "end": 1155.401, "val": "gaze_ex_face"},{"start": 1157.275, "end": 1157.831, "val": "gaze_ex_face"},{"start": 1159.693, "end": 1159.867, "val": "gaze_ex_face"},{"start": 1162.233, "end": 1163.566, "val": "gaze_ex_face"},{"start": 1166.438, "end": 1166.906, "val": "gaze_ex_face"},{"start": 1167.67, "end": 1168.966, "val": "gaze_ex_face"},{"start": 1172.675, "end": 1173.761, "val": "gaze_ex_face"},{"start": 1176.043, "end": 1176.811, "val": "gaze_ex_face"},{"start": 1181.868, "end": 1182.33, "val": "gaze_ex_face"},{"start": 1184.523, "end": 1185.341, "val": "gaze_ex_face"},{"start": 1186.687, "end": 1187.221, "val": "gaze_ex_face"},{"start": 1190.953, "end": 1192.266, "val": "gaze_ex_face"},{"start": 1193.115, "end": 1193.575, "val": "gaze_ex_face"},{"start": 1199.966, "end": 1200.97, "val": "gaze_ex_face"},{"start": 1203.83, "end": 1204.165, "val": "gaze_ex_face"},{"start": 1207.631, "end": 1207.966, "val": "gaze_ex_face"},{"start": 1209.086, "end": 1210.571, "val": "gaze_ex_face"},{"start": 1212.56, "end": 1213.031, "val": "gaze_ex_face"},{"start": 1221.815, "end": 1222.126, "val": "gaze_ex_face"},{"start": 1226.576, "end": 1228.736, "val": "gaze_ex_face"},{"start": 1234.691, "end": 1239.6, "val": "gaze_ex_face"},{"start": 1241.152, "end": 1242.452, "val": "gaze_ex_face"},{"start": 1246.545, "end": 1249.001, "val": "gaze_ex_face"},{"start": 1250.085, "end": 1251.346, "val": "gaze_ex_face"},{"start": 1251.963, "end": 1253.461, "val": "gaze_ex_face"},{"start": 1254.256, "end": 1254.971, "val": "gaze_ex_face"},{"start": 1256.468, "end": 1259.256, "val": "gaze_ex_face"},{"start": 1260.106, "end": 1260.986, "val": "gaze_ex_face"},{"start": 1265.566, "end": 1266.156, "val": "gaze_ex_face"},{"start": 1305.413, "end": 1308.65, "val": "gaze_ex_face"},{"start": 1315.919, "end": 1317.322, "val": "gaze_ex_face"}],"dashes":[{"start": 1142.805, "end": 1144.101, "val": "gaze_par_face"},{"start": 1151.048, "end": 1151.826, "val": "gaze_ball"},{"start": 1152.665, "end": 1153.456, "val": "gaze_ball"},{"start": 1153.89, "end": 1154.591, "val": "gaze_ball"},{"start": 1155.465, "end": 1157.191, "val": "gaze_ball"},{"start": 1157.895, "end": 1159.581, "val": "gaze_ball"},{"start": 1161.251, "end": 1162.117, "val": "gaze_ball"},{"start": 1163.621, "end": 1166.241, "val": "gaze_ball"},{"start": 1169.906, "end": 1171.196, "val": "gaze_ball"},{"start": 1172.031, "end": 1172.611, "val": "gaze_ball"},{"start": 1174.666, "end": 1175.948, "val": "gaze_ball"},{"start": 1176.843, "end": 1177.731, "val": "gaze_ball"},{"start": 1182.429, "end": 1182.954, "val": "gaze_ball"},{"start": 1183.713, "end": 1184.284, "val": "gaze_ball"},{"start": 1188.84, "end": 1190.925, "val": "gaze_book"},{"start": 1192.281, "end": 1193.051, "val": "gaze_book"},{"start": 1193.638, "end": 1199.746, "val": "gaze_book"},{"start": 1201.033, "end": 1203.766, "val": "gaze_book"},{"start": 1204.228, "end": 1207.286, "val": "gaze_book"},{"start": 1208.03, "end": 1209.001, "val": "gaze_book"},{"start": 1210.635, "end": 1212.436, "val": "gaze_book"},{"start": 1213.095, "end": 1221.656, "val": "gaze_book"},{"start": 1222.19, "end": 1226.356, "val": "gaze_book"},{"start": 1228.863, "end": 1230.721, "val": "gaze_book"},{"start": 1230.78, "end": 1231.06, "val": "gaze_ex_hands"},{"start": 1231.09, "end": 1234.271, "val": "gaze_book"},{"start": 1242.517, "end": 1243.552, "val": "gaze_book"},{"start": 1249.065, "end": 1249.926, "val": "gaze_ex_hands"},{"start": 1251.441, "end": 1251.931, "val": "gaze_ex_hands"},{"start": 1253.525, "end": 1254.196, "val": "gaze_ex_hands"},{"start": 1261.154, "end": 1261.913, "val": "gaze_par_face"}],"linebreak":[],"filled":[{"start": 1150.85, "end": 1152.15, "val": "look at my ball"},{"start": 1189.016, "end": 1190.25, "val": "look at my book"},{"start": 1206.726, "end": 1207.983, "val": "where is the ... ?"},{"start": 1209.516, "end": 1210.65, "val": "can you turn the page?"},{"start": 1212.181, "end": 1213.183, "val": "what's next?"},{"start": 1217.581, "end": 1218.761, "val": "what's next?"},{"start": 1222.425, "end": 1223.198, "val": "what's next?"},{"start": 1224.681, "end": 1225.816, "val": "what's next?"},{"start": 1227.646, "end": 1228.483, "val": "what's next?"},{"start": 1235.65, "end": 1236.851, "val": "where is the book?"},{"start": 1239.181, "end": 1241.355, "val": "it's a hat! It's on my head!"}],"unfilled":[{"start": 1143.381, "end": 1145.716, "val": "play with new toys"},{"start": 1153.216, "end": 1154.85, "val": "let's play ball"},{"start": 1155.616, "end": 1157.783, "val": "ready, set, ..."},{"start": 1158.161, "end": 1159.516, "val": "go!"},{"start": 1161.95, "end": 1164.283, "val": "ready, set, ..."},{"start": 1164.95, "end": 1166.383, "val": "go!"},{"start": 1170.216, "end": 1172.85, "val": "ready, set, ..."},{"start": 1176.356, "end": 1177.791, "val": "go!"},{"start": 1246.65, "end": 1248.198, "val": "gonna tickle you"},{"start": 1249.081, "end": 1254.15, "val": "gonna get you"},{"start": 1254.611, "end": 1256.083, "val": "tickle tickle tickle"},{"start": 1257.325, "end": 1262.683, "val": "gonna get you"},{"start": 1263.181, "end": 1264.616, "val": "tickle tickle tickle"},{"start": 1265.85, "end": 1270.998, "val": "gonna get you"},{"start": 1277.416, "end": 1279.251, "val": "tickle tickle tickle"}],"redfilled":[{"start": 1141.046, "end": 1142.191, "val": "hi_c_name"},{"start": 1303.416, "end": 1304.216, "val": "c_name"},{"start": 1315.316, "end": 1316.116, "val": "c_name"}],"examiner":[{"start": 1140.48, "end": 1146.57, "val": "c_face"},{"start": 1150.44, "end": 1158.17, "val": "c_face"},{"start": 1158.865, "end": 1160.735, "val": "c_face"},{"start": 1161.71, "end": 1164.77, "val": "c_face"},{"start": 1165.305, "end": 1168.585, "val": "c_face"},{"start": 1168.91, "end": 1169.59, "val": "c_face"},{"start": 1170.705, "end": 1177.375, "val": "c_face"},{"start": 1178.14, "end": 1183.2, "val": "c_face"},{"start": 1189.01, "end": 1192.26, "val": "c_face"},{"start": 1195.915, "end": 1196.325, "val": "c_face"},{"start": 1198.465, "end": 1198.665, "val": "c_face"},{"start": 1199.46, "end": 1200.43, "val": "c_face"},{"start": 1200.945, "end": 1201.085, "val": "c_face"},{"start": 1201.725, "end": 1201.895, "val": "c_face"},{"start": 1202.245, "end": 1202.615, "val": "c_face"},{"start": 1202.96, "end": 1203.12, "val": "c_face"},{"start": 1203.99, "end": 1204.33, "val": "c_face"},{"start": 1205.015, "end": 1205.285, "val": "c_face"},{"start": 1205.615, "end": 1207.075, "val": "c_face"},{"start": 1207.44, "end": 1208.22, "val": "c_face"},{"start": 1209.71, "end": 1210.85, "val": "c_face"},{"start": 1211.78, "end": 1211.98, "val": "c_face"},{"start": 1214.635, "end": 1214.995, "val": "c_face"},{"start": 1215.345, "end": 1215.665, "val": "c_face"},{"start": 1216.075, "end": 1216.345, "val": "c_face"},{"start": 1217.13, "end": 1217.38, "val": "c_face"},{"start": 1218.015, "end": 1218.315, "val": "c_face"},{"start": 1219.81, "end": 1220.37, "val": "c_face"},{"start": 1220.74, "end": 1221.36, "val": "c_face"},{"start": 1221.635, "end": 1222.105, "val": "c_face"},{"start": 1223.695, "end": 1223.935, "val": "c_face"},{"start": 1224.525, "end": 1226.285, "val": "c_face"},{"start": 1226.55, "end": 1227.57, "val": "c_face"},{"start": 1227.86, "end": 1231.25, "val": "c_face"},{"start": 1232.543, "end": 1234.473, "val": "c_face"},{"start": 1234.683, "end": 1243.403, "val": "c_face"},{"start": 1245.518, "end": 1268.958, "val": "c_face"},{"start": 1269.328, "end": 1279.818, "val": "c_face"}],"socialbid":[]}