{"info":[{"origin": 1831.488, "child": "RA052"}],"duration":[{"start": 33.705, "end": 230.591}],"rabc":[{"start": 33.705, "end": 156.7, "val": "RABC"}],"stages":[{"start": 34.205, "end": 41.454, "val": "greeting"},{"start": 41.635, "end": 76.749, "val": "ball"},{"start": 84.598, "end": 115.47, "val": "book"},{"start": 115.699, "end": 123.597, "val": "hat"},{"start": 124.994, "end": 156.195, "val": "tickle"},{"start": 195.809, "end": 199.481, "val": "name_s"},{"start": 227.877, "end": 230.591, "val": "name_f"}],"red":[],"green":[{"start": 57.294, "end": 58.799, "val": "gesture_pat_table"},{"start": 58.908, "end": 59.842, "val": "gesture_reach"},{"start": 80.105, "end": 80.866, "val": "gesture_pat_table"},{"start": 52.416, "end": 53.821, "val": "gesture_reach"},{"start": 61.971, "end": 63.191, "val": "gesture_reach"},{"start": 75.486, "end": 76.657, "val": "gesture_reach"}],"blue":[{"start": 116.789, "end": 121.821, "val": "gaze_ex_face"},{"start": 196.811, "end": 199.215, "val": "gaze_ex_face"},{"start": 228.644, "end": 229.002, "val": "gaze_ex_face"}],"dashes":[{"start": 46.411, "end": 53.83, "val": "gaze_ball"},{"start": 59.242, "end": 63.163, "val": "gaze_ball"},{"start": 69.058, "end": 70.006, "val": "gaze_ball"},{"start": 70.92, "end": 75.749, "val": "gaze_ball"},{"start": 85.314, "end": 86.475, "val": "gaze_book"},{"start": 89.896, "end": 108.144, "val": "gaze_book"},{"start": 110.156, "end": 112.693, "val": "gaze_book"},{"start": 114.179, "end": 115.996, "val": "gaze_book"},{"start": 127.203, "end": 128.72, "val": "gaze_ex_hands"},{"start": 135.454, "end": 136.11, "val": "gaze_ex_hands"},{"start": 137.181, "end": 137.394, "val": "gaze_ex_hands"},{"start": 144.408, "end": 149.067, "val": "gaze_ex_hands"},{"start": 62.131, "end": 62.712, "val": "child_laugh"},{"start": 75.171, "end": 75.619, "val": "child_laugh"}],"linebreak":[],"filled":[{"start": 42.415, "end": 44.172, "val": "look at my ball"},{"start": 85.224, "end": 86.21, "val": "look at my book"},{"start": 97.375, "end": 98.45, "val": "where is the ... ?"},{"start": 118.271, "end": 119.243, "val": "where is the book?"},{"start": 119.694, "end": 121.427, "val": "it's a hat! It's on my head!"}],"unfilled":[{"start": 37.873, "end": 39.917, "val": "play with new toys"},{"start": 47.063, "end": 47.83, "val": "let's play ball"},{"start": 49.069, "end": 50.696, "val": "ready, set, ..."},{"start": 51.384, "end": 52.575, "val": "go!"},{"start": 58.369, "end": 60.25, "val": "ready, set, ..."},{"start": 60.875, "end": 62.083, "val": "go!"},{"start": 68.302, "end": 70.325, "val": "ready, set, ..."},{"start": 74.04, "end": 75.889, "val": "go!"},{"start": 124.99, "end": 127.192, "val": "gonna tickle you"},{"start": 127.802, "end": 132.44, "val": "gonna get you"},{"start": 132.621, "end": 134.892, "val": "tickle tickle tickle"},{"start": 135.925, "end": 139.36, "val": "gonna get you"},{"start": 140.105, "end": 142.707, "val": "tickle tickle tickle"},{"start": 143.635, "end": 148.508, "val": "gonna get you"},{"start": 153.211, "end": 155.569, "val": "tickle tickle tickle"}],"redfilled":[{"start": 34.202, "end": 35.218, "val": "hi_c_name"},{"start": 195.8, "end": 196.48, "val": "c_name"},{"start": 227.87, "end": 228.604, "val": "c_name"}],"examiner":[{"start": 33.73, "end": 51.41, "val": "c_face"},{"start": 52.16, "end": 52.7, "val": "c_face"},{"start": 59.225, "end": 63.135, "val": "c_face"},{"start": 69.355, "end": 75.345, "val": "c_face"},{"start": 75.85, "end": 76.51, "val": "c_face"},{"start": 85.055, "end": 87.495, "val": "c_face"},{"start": 89.42, "end": 89.77, "val": "c_face"},{"start": 90.435, "end": 90.615, "val": "c_face"},{"start": 91.82, "end": 92.35, "val": "c_face"},{"start": 92.627, "end": 93.226, "val": "c_face"},{"start": 93.987, "end": 94.969, "val": "c_face"},{"start": 96.325, "end": 96.875, "val": "c_face"},{"start": 98.192, "end": 98.851, "val": "c_face"},{"start": 99.611, "end": 99.86, "val": "c_face"},{"start": 100.567, "end": 101.729, "val": "c_face"},{"start": 102.437, "end": 102.86, "val": "c_face"},{"start": 104.818, "end": 104.918, "val": "c_face"},{"start": 107.947, "end": 113.027, "val": "c_face"},{"start": 113.588, "end": 115.562, "val": "c_face"},{"start": 116.407, "end": 123.944, "val": "c_face"},{"start": 124.947, "end": 157.583, "val": "c_face"}],"socialbid":[]}