{"info":[{"origin": 1929.089, "child": "RA053"}],"duration":[{"start": 44.13, "end": 304.981}],"rabc":[{"start": 44.169, "end": 218.729, "val": "RABC"}],"stages":[{"start": 44.566, "end": 50.505, "val": "greeting"},{"start": 64.158, "end": 105.664, "val": "ball"},{"start": 108.188, "end": 180.879, "val": "book"},{"start": 180.959, "end": 188.779, "val": "hat"},{"start": 190.12, "end": 218.045, "val": "tickle"},{"start": 277.128, "end": 286.0, "val": "name_s"},{"start": 297.594, "end": 304.981, "val": "name_f"}],"red":[{"start": 73.688, "end": 73.952, "val": "child_vocalization"},{"start": 99.244, "end": 100.74, "val": "child_vocalization"},{"start": 101.696, "end": 102.875, "val": "child_vocalization"},{"start": 103.821, "end": 105.127, "val": "child_vocalization"},{"start": 108.608, "end": 109.319, "val": "child_vocalization"},{"start": 112.329, "end": 112.691, "val": "child_vocalization"},{"start": 121.35, "end": 121.82, "val": "child_vocalization"},{"start": 129.027, "end": 129.584, "val": "child_vocalization"},{"start": 132.719, "end": 134.15, "val": "child_vocalization"},{"start": 134.771, "end": 136.157, "val": "child_vocalization"},{"start": 136.707, "end": 137.68, "val": "child_vocalization"},{"start": 139.3, "end": 139.746, "val": "child_vocalization"},{"start": 140.493, "end": 140.824, "val": "child_vocalization"},{"start": 141.695, "end": 141.967, "val": "child_vocalization"},{"start": 142.702, "end": 143.125, "val": "child_vocalization"},{"start": 143.77, "end": 144.146, "val": "child_vocalization"},{"start": 145.464, "end": 145.932, "val": "child_vocalization"},{"start": 148.725, "end": 150.087, "val": "child_verbalization"},{"start": 154.766, "end": 155.16, "val": "child_vocalization"},{"start": 160.055, "end": 160.371, "val": "child_vocalization"},{"start": 162.563, "end": 163.16, "val": "child_verbalization"},{"start": 165.535, "end": 166.099, "val": "child_vocalization"},{"start": 177.162, "end": 178.03, "val": "child_vocalization"}],"green":[{"start": 66.252, "end": 67.908, "val": "gesture_reach"},{"start": 93.907, "end": 96.14, "val": "gesture_pat_table"},{"start": 99.345, "end": 100.597, "val": "gesture_reach"},{"start": 120.477, "end": 121.392, "val": "gesture_point"},{"start": 128.01, "end": 130.32, "val": "gesture_point"},{"start": 138.037, "end": 141.06, "val": "gesture_point"},{"start": 141.855, "end": 143.13, "val": "gesture_point"},{"start": 144.935, "end": 146.248, "val": "gesture_point"},{"start": 153.964, "end": 155.521, "val": "gesture_point"},{"start": 160.326, "end": 164.106, "val": "gesture_reach"},{"start": 164.435, "end": 166.094, "val": "gesture_point"},{"start": 177.308, "end": 177.97, "val": "gesture_head_nod"},{"start": 72.641, "end": 74.944, "val": "gesture_reach"},{"start": 80.611, "end": 82.783, "val": "gesture_reach"},{"start": 100.317, "end": 104.012, "val": "gesture_reach"}],"blue":[{"start": 52.077, "end": 57.599, "val": "gaze_ex_face"},{"start": 62.329, "end": 63.796, "val": "gaze_ex_face"},{"start": 67.182, "end": 68.402, "val": "gaze_ex_face"},{"start": 69.581, "end": 70.296, "val": "gaze_ex_face"},{"start": 76.059, "end": 76.533, "val": "gaze_ex_face"},{"start": 91.881, "end": 93.611, "val": "gaze_ex_face"},{"start": 100.483, "end": 103.773, "val": "gaze_ex_face"},{"start": 111.076, "end": 111.573, "val": "gaze_ex_face"},{"start": 114.565, "end": 115.062, "val": "gaze_ex_face"},{"start": 121.584, "end": 123.011, "val": "gaze_ex_face"},{"start": 129.511, "end": 130.06, "val": "gaze_ex_face"},{"start": 149.899, "end": 150.431, "val": "gaze_ex_face"},{"start": 156.875, "end": 158.413, "val": "gaze_ex_face"},{"start": 163.026, "end": 163.81, "val": "gaze_ex_face"},{"start": 166.132, "end": 167.043, "val": "gaze_ex_face"},{"start": 181.648, "end": 186.939, "val": "gaze_ex_face"},{"start": 189.779, "end": 192.466, "val": "gaze_ex_face"},{"start": 194.731, "end": 195.316, "val": "gaze_ex_face"},{"start": 205.211, "end": 205.772, "val": "gaze_ex_face"},{"start": 282.598, "end": 285.865, "val": "gaze_ex_face"},{"start": 302.92, "end": 304.228, "val": "gaze_ex_face"}],"dashes":[{"start": 64.637, "end": 67.142, "val": "gaze_ball"},{"start": 68.49, "end": 69.509, "val": "gaze_ball"},{"start": 70.336, "end": 74.117, "val": "gaze_ball"},{"start": 74.964, "end": 75.216, "val": "gaze_ball"},{"start": 75.536, "end": 75.939, "val": "gaze_ball"},{"start": 76.613, "end": 79.546, "val": "gaze_ball"},{"start": 89.655, "end": 89.895, "val": "gaze_ball"},{"start": 90.896, "end": 91.801, "val": "gaze_ball"},{"start": 96.735, "end": 98.483, "val": "gaze_ball"},{"start": 109.354, "end": 110.996, "val": "gaze_book"},{"start": 111.613, "end": 114.525, "val": "gaze_book"},{"start": 115.142, "end": 121.344, "val": "gaze_book"},{"start": 123.131, "end": 129.111, "val": "gaze_book"},{"start": 130.18, "end": 131.191, "val": "gaze_book"},{"start": 136.951, "end": 149.819, "val": "gaze_book"},{"start": 150.551, "end": 156.795, "val": "gaze_book"},{"start": 163.887, "end": 166.052, "val": "gaze_book"},{"start": 176.437, "end": 181.115, "val": "gaze_book"},{"start": 192.506, "end": 192.852, "val": "gaze_ex_hands"},{"start": 195.356, "end": 196.473, "val": "gaze_ex_hands"},{"start": 46.711, "end": 47.363, "val": "child_whine_cry"},{"start": 48.813, "end": 53.27, "val": "child_whine_cry"},{"start": 105.387, "end": 107.92, "val": "child_whine_cry"},{"start": 107.92, "end": 107.927, "val": "child_whine_cry"},{"start": 134.771, "end": 136.157, "val": "child_whine_cry"},{"start": 136.707, "end": 137.68, "val": "child_whine_cry"},{"start": 168.308, "end": 168.6, "val": "child_whine_cry"},{"start": 169.803, "end": 170.33, "val": "child_whine_cry"},{"start": 171.052, "end": 171.737, "val": "child_whine_cry"},{"start": 172.513, "end": 173.051, "val": "child_whine_cry"},{"start": 179.683, "end": 181.83, "val": "child_whine_cry"},{"start": 187.859, "end": 190.82, "val": "child_whine_cry"},{"start": 196.846, "end": 197.07, "val": "child_whine_cry"},{"start": 198.484, "end": 201.12, "val": "child_whine_cry"},{"start": 202.389, "end": 210.35, "val": "child_whine_cry"},{"start": 211.078, "end": 217.91, "val": "child_whine_cry"}],"linebreak":[],"filled":[{"start": 65.12, "end": 66.89, "val": "look at my ball"},{"start": 67.26, "end": 68.09, "val": "look at my ball"},{"start": 109.246, "end": 110.73, "val": "look at my book"},{"start": 125.43, "end": 126.43, "val": "what's next?"},{"start": 130.88, "end": 131.92, "val": "where is the ... ?"},{"start": 133.744, "end": 135.09, "val": "what's next?"},{"start": 152.05, "end": 153.058, "val": "what's next?"},{"start": 157.03, "end": 157.954, "val": "what's next?"},{"start": 167.474, "end": 168.648, "val": "what's next?"},{"start": 183.46, "end": 184.343, "val": "where is the book?"},{"start": 185.48, "end": 187.07, "val": "it's a hat! It's on my head!"}],"unfilled":[{"start": 47.345, "end": 49.755, "val": "play with new toys"},{"start": 68.66, "end": 70.763, "val": "ready, set, ..."},{"start": 71.455, "end": 73.1, "val": "go!"},{"start": 75.517, "end": 77.37, "val": "ready, set, ..."},{"start": 78.329, "end": 79.79, "val": "go!"},{"start": 83.85, "end": 86.072, "val": "ready, set, ..."},{"start": 86.96, "end": 89.29, "val": "go!"},{"start": 91.291, "end": 92.87, "val": "ready, set, ..."},{"start": 97.21, "end": 99.12, "val": "go!"},{"start": 190.12, "end": 192.6, "val": "gonna tickle you"},{"start": 193.099, "end": 197.33, "val": "gonna get you"},{"start": 197.58, "end": 200.041, "val": "tickle tickle tickle"},{"start": 201.628, "end": 205.127, "val": "gonna get you"},{"start": 205.507, "end": 207.315, "val": "tickle tickle tickle"},{"start": 208.241, "end": 211.751, "val": "gonna get you"},{"start": 216.19, "end": 217.7, "val": "tickle tickle tickle"}],"redfilled":[{"start": 44.566, "end": 45.704, "val": "hi_c_name"},{"start": 277.128, "end": 277.795, "val": "c_name"},{"start": 297.59, "end": 298.332, "val": "c_name"},{"start": 301.807, "end": 302.495, "val": "c_name"}],"examiner":[{"start": 44.13, "end": 50.36, "val": "c_face"},{"start": 51.53, "end": 53.48, "val": "c_face"},{"start": 54.14, "end": 62.45, "val": "c_face"},{"start": 63.24, "end": 71.08, "val": "c_face"},{"start": 71.19, "end": 74.19, "val": "c_face"},{"start": 74.92, "end": 78.03, "val": "c_face"},{"start": 78.87, "end": 81.37, "val": "c_face"},{"start": 84.18, "end": 90.07, "val": "c_face"},{"start": 90.74, "end": 97.82, "val": "c_face"},{"start": 98.285, "end": 103.685, "val": "c_face"},{"start": 104.625, "end": 104.965, "val": "c_face"},{"start": 108.6, "end": 111.75, "val": "c_face"},{"start": 113.0, "end": 113.47, "val": "c_face"},{"start": 115.08, "end": 115.75, "val": "c_face"},{"start": 116.285, "end": 116.515, "val": "c_face"},{"start": 117.135, "end": 117.725, "val": "c_face"},{"start": 118.18, "end": 118.65, "val": "c_face"},{"start": 119.39, "end": 119.95, "val": "c_face"},{"start": 121.79, "end": 122.82, "val": "c_face"},{"start": 123.74, "end": 124.29, "val": "c_face"},{"start": 124.825, "end": 125.685, "val": "c_face"},{"start": 126.625, "end": 126.905, "val": "c_face"},{"start": 127.78, "end": 128.23, "val": "c_face"},{"start": 129.035, "end": 130.175, "val": "c_face"},{"start": 130.965, "end": 131.235, "val": "c_face"},{"start": 132.975, "end": 133.475, "val": "c_face"},{"start": 134.455, "end": 135.075, "val": "c_face"},{"start": 135.6, "end": 135.86, "val": "c_face"},{"start": 137.88, "end": 138.73, "val": "c_face"},{"start": 139.59, "end": 140.24, "val": "c_face"},{"start": 141.97, "end": 142.45, "val": "c_face"},{"start": 145.12, "end": 145.64, "val": "c_face"},{"start": 146.04, "end": 146.4, "val": "c_face"},{"start": 148.225, "end": 150.455, "val": "c_face"},{"start": 150.725, "end": 151.735, "val": "c_face"},{"start": 152.325, "end": 152.695, "val": "c_face"},{"start": 153.165, "end": 153.715, "val": "c_face"},{"start": 155.69, "end": 157.86, "val": "c_face"},{"start": 158.28, "end": 159.15, "val": "c_face"},{"start": 160.43, "end": 161.78, "val": "c_face"},{"start": 163.735, "end": 164.225, "val": "c_face"},{"start": 164.89, "end": 165.18, "val": "c_face"},{"start": 165.75, "end": 167.34, "val": "c_face"},{"start": 168.145, "end": 168.605, "val": "c_face"},{"start": 171.61, "end": 172.12, "val": "c_face"},{"start": 173.01, "end": 173.52, "val": "c_face"},{"start": 173.94, "end": 175.29, "val": "c_face"},{"start": 176.255, "end": 177.965, "val": "c_face"},{"start": 178.035, "end": 179.025, "val": "c_face"},{"start": 179.535, "end": 180.005, "val": "c_face"},{"start": 180.075, "end": 180.845, "val": "c_face"},{"start": 181.375, "end": 188.175, "val": "c_face"},{"start": 188.31, "end": 190.06, "val": "c_face"},{"start": 191.0, "end": 198.97, "val": "c_face"},{"start": 199.705, "end": 201.225, "val": "c_face"},{"start": 202.09, "end": 218.71, "val": "c_face"}],"socialbid":[{"start": 66.252, "end": 68.44, "val": "soc_bid"},{"start": 99.244, "end": 103.937, "val": "soc_bid"},{"start": 111.076, "end": 111.573, "val": "soc_bid"},{"start": 120.477, "end": 123.048, "val": "soc_bid"},{"start": 128.01, "end": 130.241, "val": "soc_bid"},{"start": 138.037, "end": 141.06, "val": "soc_bid"},{"start": 141.7, "end": 143.15, "val": "soc_bid"},{"start": 144.935, "end": 146.248, "val": "soc_bid"},{"start": 148.725, "end": 150.461, "val": "soc_bid"},{"start": 153.964, "end": 155.521, "val": "soc_bid"},{"start": 160.36, "end": 163.82, "val": "soc_bid"},{"start": 164.435, "end": 167.095, "val": "soc_bid"},{"start": 177.162, "end": 178.03, "val": "soc_bid"},{"start": 187.86, "end": 190.85, "val": "soc_bid"}]}