{"info":[{"origin": 1779.338, "child": "RA057"}],"duration":[{"start": 13.339, "end": 282.426}],"rabc":[{"start": 13.346, "end": 203.278, "val": "RABC"}],"stages":[{"start": 13.842, "end": 20.258, "val": "greeting"},{"start": 22.48, "end": 74.559, "val": "ball"},{"start": 78.169, "end": 160.989, "val": "greeting"},{"start": 175.152, "end": 202.771, "val": "tickle"},{"start": 257.725, "end": 261.558, "val": "name_s"},{"start": 279.55, "end": 282.426, "val": "name_f"}],"red":[{"start": 33.665, "end": 34.724, "val": "child_vocalization"},{"start": 59.857, "end": 60.852, "val": "child_vocalization"},{"start": 63.504, "end": 63.987, "val": "child_vocalization"},{"start": 174.012, "end": 174.51, "val": "child_vocalization"}],"green":[{"start": 25.084, "end": 30.13, "val": "gesture_reach"},{"start": 38.392, "end": 42.847, "val": "gesture_reach"},{"start": 59.717, "end": 63.063, "val": "gesture_reach"},{"start": 174.03, "end": 179.468, "val": "gesture_reach"},{"start": 195.367, "end": 196.081, "val": "gesture_pat_table"},{"start": 31.14, "end": 38.142, "val": "gesture_reach"},{"start": 42.717, "end": 44.536, "val": "gesture_reach"},{"start": 47.585, "end": 48.889, "val": "gesture_reach"},{"start": 63.733, "end": 71.72, "val": "gesture_reach"}],"blue":[{"start": 14.26, "end": 14.752, "val": "gaze_ex_face"},{"start": 16.816, "end": 18.429, "val": "gaze_ex_face"},{"start": 23.186, "end": 23.414, "val": "gaze_ex_face"},{"start": 24.17, "end": 25.025, "val": "gaze_ex_face"},{"start": 26.002, "end": 29.363, "val": "gaze_ex_face"},{"start": 32.036, "end": 32.558, "val": "gaze_ex_face"},{"start": 35.236, "end": 37.347, "val": "gaze_ex_face"},{"start": 38.464, "end": 42.352, "val": "gaze_ex_face"},{"start": 56.489, "end": 59.967, "val": "gaze_ex_face"},{"start": 63.615, "end": 64.212, "val": "gaze_ex_face"},{"start": 67.408, "end": 68.845, "val": "gaze_ex_face"},{"start": 69.967, "end": 74.445, "val": "gaze_ex_face"},{"start": 75.102, "end": 77.441, "val": "gaze_ex_face"},{"start": 80.908, "end": 82.462, "val": "gaze_ex_face"},{"start": 91.151, "end": 94.362, "val": "gaze_ex_face"},{"start": 135.537, "end": 138.201, "val": "gaze_ex_face"},{"start": 156.355, "end": 157.408, "val": "gaze_ex_face"},{"start": 161.703, "end": 169.725, "val": "gaze_ex_face"},{"start": 171.892, "end": 174.112, "val": "gaze_ex_face"},{"start": 175.985, "end": 179.542, "val": "gaze_ex_face"},{"start": 182.247, "end": 182.705, "val": "gaze_ex_face"},{"start": 186.051, "end": 188.704, "val": "gaze_ex_face"},{"start": 193.921, "end": 196.441, "val": "gaze_ex_face"},{"start": 199.237, "end": 200.307, "val": "gaze_ex_face"},{"start": 259.149, "end": 261.2, "val": "gaze_ex_face"},{"start": 281.261, "end": 282.171, "val": "gaze_ex_face"}],"dashes":[{"start": 23.48, "end": 24.071, "val": "gaze_ball"},{"start": 25.124, "end": 25.903, "val": "gaze_ball"},{"start": 29.56, "end": 30.27, "val": "gaze_ball"},{"start": 42.454, "end": 43.427, "val": "gaze_ball"},{"start": 44.153, "end": 45.432, "val": "gaze_ball"},{"start": 47.472, "end": 48.132, "val": "gaze_ball"},{"start": 60.099, "end": 63.132, "val": "gaze_ball"},{"start": 78.854, "end": 80.813, "val": "gaze_book"},{"start": 82.594, "end": 90.89, "val": "gaze_book"},{"start": 94.527, "end": 134.95, "val": "gaze_book"},{"start": 138.366, "end": 156.124, "val": "gaze_book"},{"start": 157.54, "end": 161.076, "val": "gaze_book"},{"start": 169.824, "end": 171.01, "val": "gaze_book"},{"start": 174.994, "end": 175.831, "val": "gaze_ex_hands"},{"start": 180.226, "end": 180.755, "val": "child_whine_cry"},{"start": 183.834, "end": 184.462, "val": "child_whine_cry"}],"linebreak":[],"filled":[{"start": 23.014, "end": 24.291, "val": "look at my ball"},{"start": 79.285, "end": 80.374, "val": "look at my book"},{"start": 92.068, "end": 93.594, "val": "what's next?"},{"start": 106.453, "end": 107.833, "val": "where is the ... ?"},{"start": 109.488, "end": 110.278, "val": "where is the ... ?"},{"start": 122.231, "end": 123.436, "val": "what's next?"},{"start": 137.125, "end": 138.248, "val": "what's next?"},{"start": 148.625, "end": 149.799, "val": "what's next?"},{"start": 163.386, "end": 164.482, "val": "where is the book?"},{"start": 165.169, "end": 166.828, "val": "it's a hat! It's on my head!"}],"unfilled":[{"start": 16.578, "end": 18.69, "val": "play with new toys"},{"start": 25.383, "end": 26.086, "val": "let's play ball"},{"start": 26.645, "end": 28.364, "val": "ready, set, ..."},{"start": 28.884, "end": 30.528, "val": "go!"},{"start": 38.799, "end": 40.846, "val": "ready, set, ..."},{"start": 41.656, "end": 42.891, "val": "go!"},{"start": 55.779, "end": 58.317, "val": "ready, set, ..."},{"start": 60.993, "end": 63.035, "val": "go!"},{"start": 175.157, "end": 177.275, "val": "gonna tickle you"},{"start": 177.738, "end": 181.658, "val": "gonna get you"},{"start": 182.066, "end": 184.333, "val": "tickle tickle tickle"},{"start": 185.774, "end": 189.078, "val": "gonna get you"},{"start": 189.68, "end": 191.95, "val": "tickle tickle tickle"},{"start": 193.983, "end": 197.857, "val": "gonna get you"},{"start": 200.069, "end": 202.397, "val": "tickle tickle tickle"}],"redfilled":[{"start": 13.842, "end": 14.871, "val": "hi_c_name"},{"start": 257.725, "end": 258.583, "val": "c_name"},{"start": 279.546, "end": 280.252, "val": "c_name"}],"examiner":[{"start": 13.339, "end": 19.789, "val": "c_face"},{"start": 21.594, "end": 28.574, "val": "c_face"},{"start": 29.3, "end": 35.25, "val": "c_face"},{"start": 35.945, "end": 37.095, "val": "c_face"},{"start": 38.48, "end": 41.6, "val": "c_face"},{"start": 42.3, "end": 42.91, "val": "c_face"},{"start": 43.335, "end": 43.655, "val": "c_face"},{"start": 44.575, "end": 47.085, "val": "c_face"},{"start": 56.504, "end": 64.694, "val": "c_face"},{"start": 67.194, "end": 68.574, "val": "c_face"},{"start": 69.324, "end": 69.964, "val": "c_face"},{"start": 70.899, "end": 72.669, "val": "c_face"},{"start": 73.304, "end": 73.924, "val": "c_face"},{"start": 78.824, "end": 82.674, "val": "c_face"},{"start": 84.064, "end": 84.684, "val": "c_face"},{"start": 85.544, "end": 85.804, "val": "c_face"},{"start": 86.429, "end": 87.619, "val": "c_face"},{"start": 88.179, "end": 88.759, "val": "c_face"},{"start": 89.324, "end": 90.164, "val": "c_face"},{"start": 90.539, "end": 91.289, "val": "c_face"},{"start": 91.934, "end": 92.944, "val": "c_face"},{"start": 93.324, "end": 96.814, "val": "c_face"},{"start": 97.399, "end": 98.369, "val": "c_face"},{"start": 98.819, "end": 101.239, "val": "c_face"},{"start": 102.144, "end": 102.514, "val": "c_face"},{"start": 103.209, "end": 103.529, "val": "c_face"},{"start": 104.119, "end": 105.529, "val": "c_face"},{"start": 106.274, "end": 106.524, "val": "c_face"},{"start": 107.959, "end": 108.659, "val": "c_face"},{"start": 109.329, "end": 109.719, "val": "c_face"},{"start": 110.869, "end": 111.849, "val": "c_face"},{"start": 112.159, "end": 113.789, "val": "c_face"},{"start": 114.689, "end": 115.519, "val": "c_face"},{"start": 116.604, "end": 118.114, "val": "c_face"},{"start": 119.324, "end": 121.384, "val": "c_face"},{"start": 123.319, "end": 123.859, "val": "c_face"},{"start": 124.964, "end": 125.614, "val": "c_face"},{"start": 126.484, "end": 129.034, "val": "c_face"},{"start": 129.364, "end": 129.744, "val": "c_face"},{"start": 130.524, "end": 130.814, "val": "c_face"},{"start": 131.934, "end": 132.974, "val": "c_face"},{"start": 133.789, "end": 137.169, "val": "c_face"},{"start": 137.809, "end": 139.699, "val": "c_face"},{"start": 141.309, "end": 147.579, "val": "c_face"},{"start": 148.006, "end": 148.956, "val": "c_face"},{"start": 149.426, "end": 154.386, "val": "c_face"},{"start": 154.986, "end": 156.816, "val": "c_face"},{"start": 157.641, "end": 170.161, "val": "c_face"},{"start": 174.361, "end": 203.271, "val": "c_face"}],"socialbid":[]}