{"info":[{"origin": 1527.415, "child": "RA059"}],"duration":[{"start": 25.832, "end": 243.294}],"rabc":[{"start": 25.832, "end": 179.865, "val": "RABC"}],"stages":[{"start": 26.33, "end": 32.927, "val": "greeting"},{"start": 35.703, "end": 71.803, "val": "ball"},{"start": 76.094, "end": 138.975, "val": "book"},{"start": 138.975, "end": 147.213, "val": "hat"},{"start": 150.905, "end": 179.232, "val": "tickle"},{"start": 220.852, "end": 227.862, "val": "name_s"},{"start": 232.617, "end": 243.291, "val": "name_f"}],"red":[{"start": 35.075, "end": 35.454, "val": "child_vocalization"},{"start": 60.711, "end": 61.021, "val": "child_vocalization"},{"start": 91.777, "end": 92.213, "val": "child_vocalization"},{"start": 100.537, "end": 100.813, "val": "child_vocalization"},{"start": 103.255, "end": 103.603, "val": "child_vocalization"},{"start": 109.196, "end": 109.581, "val": "child_verbalization"},{"start": 128.431, "end": 129.141, "val": "child_vocalization"},{"start": 134.338, "end": 134.565, "val": "child_vocalization"},{"start": 150.201, "end": 150.455, "val": "child_vocalization"},{"start": 168.949, "end": 169.92, "val": "child_vocalization"}],"green":[{"start": 35.219, "end": 36.092, "val": "gesture_point"},{"start": 52.757, "end": 56.368, "val": "gesture_point"},{"start": 60.522, "end": 62.615, "val": "gesture_point"},{"start": 91.662, "end": 92.218, "val": "gesture_point"},{"start": 101.294, "end": 102.952, "val": "gesture_point"},{"start": 107.169, "end": 108.721, "val": "gesture_point"},{"start": 123.661, "end": 124.895, "val": "gesture_tap"},{"start": 138.331, "end": 139.601, "val": "gesture_point"},{"start": 160.451, "end": 163.393, "val": "gesture_point"},{"start": 168.719, "end": 175.015, "val": "gesture_point"},{"start": 46.253, "end": 51.382, "val": "gesture_reach"},{"start": 57.188, "end": 59.997, "val": "gesture_reach"},{"start": 68.46, "end": 70.85, "val": "gesture_reach"}],"blue":[{"start": 29.392, "end": 31.157, "val": "gaze_ex_face"},{"start": 32.873, "end": 33.543, "val": "gaze_ex_face"},{"start": 36.292, "end": 36.886, "val": "gaze_ex_face"},{"start": 38.356, "end": 38.861, "val": "gaze_ex_face"},{"start": 40.621, "end": 42.303, "val": "gaze_ex_face"},{"start": 43.105, "end": 43.969, "val": "gaze_ex_face"},{"start": 45.435, "end": 46.684, "val": "gaze_ex_face"},{"start": 50.656, "end": 51.742, "val": "gaze_ex_face"},{"start": 56.822, "end": 58.246, "val": "gaze_ex_face"},{"start": 62.172, "end": 62.625, "val": "gaze_ex_face"},{"start": 63.271, "end": 64.233, "val": "gaze_ex_face"},{"start": 64.818, "end": 65.205, "val": "gaze_ex_face"},{"start": 68.355, "end": 68.841, "val": "gaze_ex_face"},{"start": 72.355, "end": 72.749, "val": "gaze_ex_face"},{"start": 78.573, "end": 79.286, "val": "gaze_ex_face"},{"start": 83.2, "end": 83.873, "val": "gaze_ex_face"},{"start": 91.339, "end": 94.297, "val": "gaze_ex_face"},{"start": 100.526, "end": 101.112, "val": "gaze_ex_face"},{"start": 102.867, "end": 103.867, "val": "gaze_ex_face"},{"start": 108.315, "end": 111.763, "val": "gaze_ex_face"},{"start": 139.06, "end": 147.306, "val": "gaze_ex_face"},{"start": 148.745, "end": 149.822, "val": "gaze_ex_face"},{"start": 151.228, "end": 154.051, "val": "gaze_ex_face"},{"start": 154.676, "end": 155.317, "val": "gaze_ex_face"},{"start": 156.174, "end": 158.263, "val": "gaze_ex_face"},{"start": 159.078, "end": 160.843, "val": "gaze_ex_face"},{"start": 162.375, "end": 162.798, "val": "gaze_ex_face"},{"start": 164.427, "end": 166.305, "val": "gaze_ex_face"},{"start": 167.056, "end": 169.148, "val": "gaze_ex_face"},{"start": 170.116, "end": 170.309, "val": "gaze_ex_face"},{"start": 171.206, "end": 172.139, "val": "gaze_ex_face"},{"start": 177.004, "end": 177.613, "val": "gaze_ex_face"},{"start": 178.287, "end": 179.24, "val": "gaze_ex_face"},{"start": 222.188, "end": 226.742, "val": "gaze_ex_face"},{"start": 237.927, "end": 238.183, "val": "gaze_ex_face"},{"start": 238.777, "end": 243.294, "val": "gaze_ex_face"}],"dashes":[{"start": 35.569, "end": 35.976, "val": "gaze_par_face"},{"start": 36.992, "end": 38.274, "val": "gaze_ball"},{"start": 39.565, "end": 40.555, "val": "gaze_ball"},{"start": 42.369, "end": 43.039, "val": "gaze_ball"},{"start": 44.0, "end": 45.189, "val": "gaze_ball"},{"start": 47.06, "end": 48.066, "val": "gaze_ball"},{"start": 49.496, "end": 50.604, "val": "gaze_ball"},{"start": 51.955, "end": 52.83, "val": "gaze_ball"},{"start": 55.966, "end": 56.723, "val": "gaze_ball"},{"start": 58.345, "end": 58.898, "val": "gaze_ball"},{"start": 62.655, "end": 63.172, "val": "gaze_ball"},{"start": 64.327, "end": 64.72, "val": "gaze_ball"},{"start": 65.235, "end": 66.441, "val": "gaze_ball"},{"start": 67.335, "end": 68.125, "val": "gaze_ball"},{"start": 70.996, "end": 71.814, "val": "gaze_ball"},{"start": 76.934, "end": 78.507, "val": "gaze_book"},{"start": 79.384, "end": 83.069, "val": "gaze_book"},{"start": 83.939, "end": 88.816, "val": "gaze_book"},{"start": 94.362, "end": 97.686, "val": "gaze_book"},{"start": 103.933, "end": 107.763, "val": "gaze_book"},{"start": 112.294, "end": 136.415, "val": "gaze_book"},{"start": 147.372, "end": 148.38, "val": "gaze_book"},{"start": 150.473, "end": 151.164, "val": "gaze_ex_hands"},{"start": 154.183, "end": 154.61, "val": "gaze_ex_hands"},{"start": 155.383, "end": 156.108, "val": "gaze_ex_hands"},{"start": 158.329, "end": 158.815, "val": "gaze_ex_hands"},{"start": 161.154, "end": 162.276, "val": "gaze_ex_hands"},{"start": 162.83, "end": 164.361, "val": "gaze_ex_hands"},{"start": 166.371, "end": 166.927, "val": "gaze_ex_hands"},{"start": 170.368, "end": 171.074, "val": "gaze_ex_hands"},{"start": 172.169, "end": 176.905, "val": "gaze_ex_hands"},{"start": 107.747, "end": 108.58, "val": "child_whine_cry"}],"linebreak":[],"filled":[{"start": 36.023, "end": 37.16, "val": "look at my ball"},{"start": 76.89, "end": 77.84, "val": "look at my book"},{"start": 89.955, "end": 91.179, "val": "what's next?"},{"start": 92.894, "end": 93.672, "val": "what's next?"},{"start": 97.366, "end": 98.343, "val": "where is the ... ?"},{"start": 106.326, "end": 107.17, "val": "can you turn the page?"},{"start": 112.643, "end": 113.53, "val": "can you turn the page?"},{"start": 119.911, "end": 120.927, "val": "can you turn the page?"},{"start": 123.491, "end": 124.57, "val": "can you turn the page?"},{"start": 129.463, "end": 130.521, "val": "can you turn the page?"},{"start": 141.081, "end": 141.979, "val": "where is the book?"},{"start": 143.467, "end": 145.33, "val": "it's a hat! It's on my head!"}],"unfilled":[{"start": 28.29, "end": 30.11, "val": "play with new toys"},{"start": 39.71, "end": 40.704, "val": "let's play ball"},{"start": 41.32, "end": 43.53, "val": "ready, set, ..."},{"start": 44.24, "end": 45.32, "val": "go!"},{"start": 52.526, "end": 54.75, "val": "ready, set, ..."},{"start": 55.307, "end": 56.657, "val": "go!"},{"start": 61.266, "end": 63.883, "val": "ready, set, ..."},{"start": 65.49, "end": 66.68, "val": "go!"},{"start": 151.37, "end": 152.797, "val": "gonna tickle you"},{"start": 153.81, "end": 158.635, "val": "gonna get you"},{"start": 159.025, "end": 160.54, "val": "tickle tickle tickle"},{"start": 161.592, "end": 166.598, "val": "gonna get you"},{"start": 167.08, "end": 168.442, "val": "tickle tickle tickle"},{"start": 169.916, "end": 175.392, "val": "gonna get you"},{"start": 177.56, "end": 179.18, "val": "tickle tickle tickle"}],"redfilled":[{"start": 26.332, "end": 27.41, "val": "c_name"},{"start": 220.852, "end": 221.65, "val": "c_name"},{"start": 232.611, "end": 233.414, "val": "c_name"},{"start": 235.156, "end": 235.902, "val": "c_name"},{"start": 238.2, "end": 238.837, "val": "hi_c_name"}],"examiner":[],"socialbid":[]}