{"info":[{"origin": 1683.509, "child": "RA054"}],"duration":[{"start": 14.089, "end": 293.248}],"rabc":[{"start": 15.83, "end": 195.11, "val": "RABC"}],"stages":[{"start": 16.331, "end": 22.233, "val": "greeting"},{"start": 23.799, "end": 72.193, "val": "ball"},{"start": 74.973, "end": 155.924, "val": "book"},{"start": 155.924, "end": 164.903, "val": "hat"},{"start": 166.159, "end": 194.61, "val": "tickle"},{"start": 247.208, "end": 252.261, "val": "name_s"},{"start": 261.943, "end": 293.248, "val": "name_f"}],"red":[{"start": 15.421, "end": 16.449, "val": "child_vocalization"},{"start": 17.991, "end": 18.963, "val": "child_vocalization"},{"start": 21.582, "end": 25.441, "val": "child_vocalization"},{"start": 33.16, "end": 33.672, "val": "child_vocalization"},{"start": 39.731, "end": 40.652, "val": "child_vocalization"},{"start": 46.658, "end": 47.031, "val": "child_vocalization"},{"start": 60.31, "end": 60.672, "val": "child_vocalization"},{"start": 65.648, "end": 65.92, "val": "child_vocalization"},{"start": 66.719, "end": 67.301, "val": "child_vocalization"},{"start": 78.086, "end": 78.569, "val": "child_vocalization"},{"start": 82.886, "end": 83.251, "val": "child_vocalization"},{"start": 172.895, "end": 177.486, "val": "child_vocalization"},{"start": 182.676, "end": 184.82, "val": "child_vocalization"}],"green":[{"start": 26.122, "end": 29.444, "val": "gesture_reach"},{"start": 39.258, "end": 39.654, "val": "gesture_pat_table"},{"start": 51.709, "end": 53.425, "val": "gesture_push_away"},{"start": 57.216, "end": 57.607, "val": "gesture_pat_table"},{"start": 58.453, "end": 60.756, "val": "gesture_reach"},{"start": 69.703, "end": 70.543, "val": "gesture_other"},{"start": 94.657, "end": 96.399, "val": "gesture_point"},{"start": 105.555, "end": 108.722, "val": "gesture_reach"},{"start": 143.267, "end": 144.353, "val": "gesture_tap"},{"start": 152.6, "end": 154.408, "val": "gesture_push_away"},{"start": 171.76, "end": 172.569, "val": "gesture_push_away"},{"start": 33.429, "end": 36.205, "val": "gesture_reach"},{"start": 43.644, "end": 50.221, "val": "gesture_reach"},{"start": 50.855, "end": 54.782, "val": "gesture_reach"},{"start": 64.153, "end": 70.135, "val": "gesture_reach"}],"blue":[{"start": 14.089, "end": 16.813, "val": "gaze_ex_face"},{"start": 19.271, "end": 22.057, "val": "gaze_ex_face"},{"start": 22.859, "end": 24.404, "val": "gaze_ex_face"},{"start": 30.521, "end": 31.702, "val": "gaze_ex_face"},{"start": 36.78, "end": 39.218, "val": "gaze_ex_face"},{"start": 43.204, "end": 44.551, "val": "gaze_ex_face"},{"start": 47.341, "end": 48.789, "val": "gaze_ex_face"},{"start": 55.277, "end": 58.132, "val": "gaze_ex_face"},{"start": 60.684, "end": 61.899, "val": "gaze_ex_face"},{"start": 62.971, "end": 63.825, "val": "gaze_ex_face"},{"start": 65.932, "end": 66.48, "val": "gaze_ex_face"},{"start": 68.16, "end": 68.815, "val": "gaze_ex_face"},{"start": 70.807, "end": 72.69, "val": "gaze_ex_face"},{"start": 77.996, "end": 79.179, "val": "gaze_ex_face"},{"start": 80.593, "end": 81.411, "val": "gaze_ex_face"},{"start": 100.61, "end": 102.058, "val": "gaze_ex_face"},{"start": 102.978, "end": 103.831, "val": "gaze_ex_face"},{"start": 109.629, "end": 109.955, "val": "gaze_ex_face"},{"start": 113.692, "end": 114.085, "val": "gaze_ex_face"},{"start": 115.853, "end": 117.136, "val": "gaze_ex_face"},{"start": 122.468, "end": 124.133, "val": "gaze_ex_face"},{"start": 127.17, "end": 128.415, "val": "gaze_ex_face"},{"start": 133.009, "end": 133.719, "val": "gaze_ex_face"},{"start": 154.151, "end": 170.583, "val": "gaze_ex_face"},{"start": 172.263, "end": 178.759, "val": "gaze_ex_face"},{"start": 179.37, "end": 185.482, "val": "gaze_ex_face"},{"start": 188.922, "end": 193.449, "val": "gaze_ex_face"}],"dashes":[{"start": 24.662, "end": 29.934, "val": "gaze_ball"},{"start": 31.9, "end": 34.77, "val": "gaze_ball"},{"start": 39.426, "end": 42.985, "val": "gaze_ball"},{"start": 58.42, "end": 60.425, "val": "gaze_ball"},{"start": 61.991, "end": 62.512, "val": "gaze_ball"},{"start": 70.137, "end": 70.664, "val": "gaze_ball"},{"start": 75.17, "end": 77.956, "val": "gaze_book"},{"start": 79.245, "end": 80.494, "val": "gaze_book"},{"start": 81.477, "end": 100.313, "val": "gaze_book"},{"start": 114.214, "end": 115.489, "val": "gaze_book"},{"start": 117.246, "end": 122.338, "val": "gaze_book"},{"start": 128.597, "end": 129.562, "val": "gaze_book"},{"start": 133.851, "end": 150.666, "val": "gaze_book"},{"start": 151.588, "end": 153.499, "val": "gaze_book"},{"start": 171.408, "end": 171.768, "val": "gaze_ex_hands"},{"start": 48.427, "end": 50.4, "val": "child_whine_cry"},{"start": 52.231, "end": 53.496, "val": "child_whine_cry"},{"start": 68.801, "end": 71.768, "val": "child_whine_cry"},{"start": 100.831, "end": 102.889, "val": "child_whine_cry"},{"start": 105.199, "end": 107.658, "val": "child_whine_cry"},{"start": 108.758, "end": 112.527, "val": "child_whine_cry"},{"start": 115.41, "end": 116.755, "val": "child_whine_cry"},{"start": 123.863, "end": 126.755, "val": "child_whine_cry"},{"start": 129.744, "end": 130.706, "val": "child_whine_cry"},{"start": 131.364, "end": 133.137, "val": "child_whine_cry"},{"start": 133.917, "end": 137.219, "val": "child_whine_cry"},{"start": 143.976, "end": 146.349, "val": "child_whine_cry"},{"start": 151.117, "end": 154.462, "val": "child_whine_cry"},{"start": 170.858, "end": 172.782, "val": "child_laugh"},{"start": 178.389, "end": 181.762, "val": "child_laugh"}],"linebreak":[],"filled":[{"start": 24.17, "end": 25.809, "val": "look at my ball"},{"start": 75.445, "end": 76.514, "val": "look at my book"},{"start": 93.156, "end": 94.313, "val": "what's next?"},{"start": 104.142, "end": 105.27, "val": "where is the ... ?"},{"start": 112.17, "end": 113.801, "val": "can you turn the page?"},{"start": 114.959, "end": 116.2, "val": "can you turn the page?"},{"start": 122.845, "end": 124.411, "val": "can you turn the page?"},{"start": 140.18, "end": 141.405, "val": "what's next?"},{"start": 157.912, "end": 158.828, "val": "where is the book?"},{"start": 160.186, "end": 162.083, "val": "it's a hat! It's on my head!"}],"unfilled":[{"start": 19.009, "end": 21.198, "val": "play with new toys"},{"start": 27.023, "end": 28.067, "val": "let's play ball"},{"start": 28.812, "end": 30.561, "val": "ready, set, ..."},{"start": 31.131, "end": 33.536, "val": "go!"},{"start": 37.312, "end": 39.161, "val": "ready, set, ..."},{"start": 40.054, "end": 41.837, "val": "go!"},{"start": 56.262, "end": 58.257, "val": "ready, set, ..."},{"start": 61.227, "end": 63.186, "val": "go!"},{"start": 166.159, "end": 168.477, "val": "gonna tickle you"},{"start": 169.259, "end": 173.173, "val": "gonna get you"},{"start": 173.535, "end": 175.211, "val": "tickle tickle tickle"},{"start": 176.666, "end": 180.409, "val": "gonna get you"},{"start": 180.852, "end": 182.77, "val": "tickle tickle tickle"},{"start": 184.977, "end": 189.699, "val": "gonna get you"},{"start": 193.041, "end": 194.971, "val": "tickle tickle tickle"}],"redfilled":[{"start": 16.331, "end": 17.596, "val": "hi_c_name"},{"start": 247.208, "end": 248.08, "val": "c_name"},{"start": 261.942, "end": 262.677, "val": "c_name"},{"start": 264.821, "end": 265.491, "val": "c_name"},{"start": 268.75, "end": 269.482, "val": "c_name"},{"start": 273.666, "end": 274.488, "val": "c_name"}],"examiner":[{"start": 15.855, "end": 21.815, "val": "c_face"},{"start": 22.795, "end": 31.135, "val": "c_face"},{"start": 32.369, "end": 33.589, "val": "c_face"},{"start": 33.969, "end": 34.319, "val": "c_face"},{"start": 34.759, "end": 35.019, "val": "c_face"},{"start": 35.604, "end": 40.514, "val": "c_face"},{"start": 41.674, "end": 42.614, "val": "c_face"},{"start": 43.314, "end": 43.794, "val": "c_face"},{"start": 44.229, "end": 53.259, "val": "c_face"},{"start": 54.699, "end": 61.289, "val": "c_face"},{"start": 62.174, "end": 69.464, "val": "c_face"},{"start": 70.134, "end": 71.184, "val": "c_face"},{"start": 74.81, "end": 79.34, "val": "c_face"},{"start": 81.77, "end": 82.05, "val": "c_face"},{"start": 85.61, "end": 86.05, "val": "c_face"},{"start": 86.52, "end": 87.12, "val": "c_face"},{"start": 87.49, "end": 88.3, "val": "c_face"},{"start": 90.19, "end": 90.69, "val": "c_face"},{"start": 92.39, "end": 92.87, "val": "c_face"},{"start": 93.34, "end": 94.78, "val": "c_face"},{"start": 98.42, "end": 99.14, "val": "c_face"},{"start": 100.15, "end": 102.9, "val": "c_face"},{"start": 103.79, "end": 105.79, "val": "c_face"},{"start": 106.28, "end": 107.36, "val": "c_face"},{"start": 108.12, "end": 109.4, "val": "c_face"},{"start": 109.9, "end": 115.45, "val": "c_face"},{"start": 118.33, "end": 118.96, "val": "c_face"},{"start": 119.51, "end": 120.12, "val": "c_face"},{"start": 120.52, "end": 123.67, "val": "c_face"},{"start": 124.03, "end": 124.9, "val": "c_face"},{"start": 125.47, "end": 127.08, "val": "c_face"},{"start": 128.56, "end": 130.7, "val": "c_face"},{"start": 131.62, "end": 133.01, "val": "c_face"},{"start": 134.12, "end": 134.46, "val": "c_face"},{"start": 136.67, "end": 138.4, "val": "c_face"},{"start": 138.89, "end": 140.35, "val": "c_face"},{"start": 141.32, "end": 143.52, "val": "c_face"},{"start": 145.27, "end": 145.9, "val": "c_face"},{"start": 146.7, "end": 147.62, "val": "c_face"},{"start": 148.67, "end": 150.35, "val": "c_face"},{"start": 152.48, "end": 153.19, "val": "c_face"},{"start": 154.51, "end": 165.67, "val": "c_face"},{"start": 166.52, "end": 195.11, "val": "c_face"}],"socialbid":[]}