{"info":[{"origin": 1837.277, "child": "RA062"}],"duration":[{"start": 24.761, "end": 205.36}],"rabc":[{"start": 24.761, "end": 165.57, "val": "RABC"}],"stages":[{"start": 25.32, "end": 31.827, "val": "greeting"},{"start": 34.416, "end": 62.961, "val": "ball"},{"start": 66.755, "end": 118.29, "val": "book"},{"start": 118.33, "end": 127.565, "val": "hat"},{"start": 131.758, "end": 165.07, "val": "tickle"},{"start": 189.77, "end": 195.05, "val": "name_s"},{"start": 201.13, "end": 205.36, "val": "name_f"}],"red":[{"start": 30.322, "end": 30.79, "val": "child_verbalization"},{"start": 64.929, "end": 67.41, "val": "child_verbalization"},{"start": 130.311, "end": 131.222, "val": "child_verbalization"}],"green":[{"start": 47.673, "end": 51.358, "val": "gesture_reach"},{"start": 54.473, "end": 60.017, "val": "gesture_reach"},{"start": 69.071, "end": 70.455, "val": "gesture_reach"},{"start": 72.614, "end": 74.991, "val": "gesture_reach"},{"start": 44.795, "end": 46.245, "val": "gesture_reach"},{"start": 51.9, "end": 53.617, "val": "gesture_reach"},{"start": 60.462, "end": 62.053, "val": "gesture_reach"}],"blue":[{"start": 25.811, "end": 28.03, "val": "gaze_ex_face"},{"start": 33.07, "end": 33.98, "val": "gaze_ex_face"},{"start": 37.987, "end": 38.496, "val": "gaze_ex_face"},{"start": 40.865, "end": 41.285, "val": "gaze_ex_face"},{"start": 42.397, "end": 43.171, "val": "gaze_ex_face"},{"start": 58.384, "end": 59.577, "val": "gaze_ex_face"},{"start": 63.29, "end": 63.949, "val": "gaze_ex_face"},{"start": 71.234, "end": 71.626, "val": "gaze_ex_face"},{"start": 87.277, "end": 87.928, "val": "gaze_ex_face"},{"start": 96.543, "end": 97.303, "val": "gaze_ex_face"},{"start": 119.195, "end": 124.438, "val": "gaze_ex_face"},{"start": 125.456, "end": 127.38, "val": "gaze_ex_face"},{"start": 134.775, "end": 135.424, "val": "gaze_ex_face"},{"start": 142.139, "end": 142.892, "val": "gaze_ex_face"},{"start": 143.527, "end": 144.314, "val": "gaze_ex_face"},{"start": 151.242, "end": 152.089, "val": "gaze_ex_face"},{"start": 156.488, "end": 160.704, "val": "gaze_ex_face"},{"start": 162.254, "end": 163.632, "val": "gaze_ex_face"},{"start": 165.149, "end": 166.592, "val": "gaze_ex_face"},{"start": 191.982, "end": 194.918, "val": "gaze_ex_face"},{"start": 201.78, "end": 204.088, "val": "gaze_ex_face"}],"dashes":[{"start": 34.858, "end": 37.921, "val": "gaze_ball"},{"start": 38.562, "end": 40.766, "val": "gaze_ball"},{"start": 41.351, "end": 42.241, "val": "gaze_ball"},{"start": 43.201, "end": 45.037, "val": "gaze_ball"},{"start": 46.265, "end": 52.128, "val": "gaze_ball"},{"start": 53.785, "end": 58.287, "val": "gaze_ball"},{"start": 59.676, "end": 60.0, "val": "gaze_ball"},{"start": 62.033, "end": 62.908, "val": "gaze_ball"},{"start": 67.212, "end": 71.168, "val": "gaze_book"},{"start": 71.692, "end": 87.147, "val": "gaze_book"},{"start": 88.027, "end": 96.348, "val": "gaze_book"},{"start": 97.402, "end": 118.609, "val": "gaze_book"},{"start": 127.446, "end": 129.1, "val": "gaze_book"},{"start": 132.906, "end": 134.676, "val": "gaze_ex_hands"},{"start": 135.49, "end": 140.852, "val": "gaze_ex_hands"},{"start": 144.445, "end": 150.21, "val": "gaze_ex_hands"},{"start": 152.367, "end": 156.43, "val": "gaze_ex_hands"},{"start": 160.803, "end": 162.155, "val": "gaze_ex_hands"}],"linebreak":[],"filled":[{"start": 34.97, "end": 36.274, "val": "look at my ball"},{"start": 67.46, "end": 68.595, "val": "look at my book"},{"start": 79.8, "end": 80.585, "val": "what's next?"},{"start": 86.02, "end": 86.713, "val": "what's next?"},{"start": 88.218, "end": 88.82, "val": "what's next?"},{"start": 91.91, "end": 92.857, "val": "where is the ... ?"},{"start": 95.856, "end": 96.882, "val": "where is the ... ?"},{"start": 120.302, "end": 121.528, "val": "where is the book?"},{"start": 123.538, "end": 125.45, "val": "it's a hat! It's on my head!"}],"unfilled":[{"start": 27.29, "end": 29.61, "val": "play with new toys"},{"start": 38.74, "end": 40.03, "val": "let's play ball"},{"start": 40.38, "end": 42.856, "val": "ready, set, ..."},{"start": 43.67, "end": 44.907, "val": "go!"},{"start": 47.16, "end": 50.029, "val": "ready, set, ..."},{"start": 50.86, "end": 51.923, "val": "go!"},{"start": 54.674, "end": 57.561, "val": "ready, set, ..."},{"start": 59.496, "end": 60.66, "val": "go!"},{"start": 132.111, "end": 133.652, "val": "gonna tickle you"},{"start": 134.957, "end": 140.57, "val": "gonna get you"},{"start": 141.011, "end": 142.76, "val": "tickle tickle tickle"},{"start": 144.194, "end": 149.84, "val": "gonna get you"},{"start": 150.55, "end": 152.198, "val": "tickle tickle tickle"},{"start": 153.28, "end": 159.26, "val": "gonna get you"},{"start": 162.852, "end": 164.872, "val": "tickle tickle tickle"}],"redfilled":[{"start": 25.32, "end": 26.45, "val": "hi_c_name"},{"start": 92.868, "end": 93.45, "val": "c_name"},{"start": 189.77, "end": 190.61, "val": "c_name"},{"start": 201.139, "end": 201.98, "val": "c_name"}],"examiner":[],"socialbid":[]}