{"info":[{"origin": 1256.834, "child": "RA102"}],"duration":[{"start": 23.766, "end": 300.102}],"rabc":[{"start": 24.56, "end": 223.74, "val": "RABC"}],"stages":[{"start": 25.069, "end": 31.173, "val": "greeting"},{"start": 34.33, "end": 71.195, "val": "ball"},{"start": 74.185, "end": 122.588, "val": "book"},{"start": 122.588, "end": 130.283, "val": "hat"},{"start": 162.901, "end": 223.24, "val": "tickle"},{"start": 269.624, "end": 275.956, "val": "name_s"},{"start": 294.679, "end": 300.102, "val": "name_f"}],"red":[{"start": 23.766, "end": 24.816, "val": "child_verbalization"},{"start": 26.334, "end": 27.994, "val": "child_verbalization"},{"start": 30.571, "end": 31.151, "val": "child_verbalization"},{"start": 32.139, "end": 34.04, "val": "child_verbalization"},{"start": 35.913, "end": 36.89, "val": "child_verbalization"},{"start": 43.321, "end": 45.36, "val": "child_verbalization"},{"start": 49.561, "end": 51.001, "val": "child_verbalization"},{"start": 51.951, "end": 56.91, "val": "child_verbalization"},{"start": 58.182, "end": 59.85, "val": "child_verbalization"},{"start": 66.787, "end": 67.254, "val": "child_verbalization"},{"start": 69.365, "end": 74.684, "val": "child_verbalization"},{"start": 76.212, "end": 77.026, "val": "child_verbalization"},{"start": 78.53, "end": 79.765, "val": "child_verbalization"},{"start": 81.057, "end": 81.45, "val": "child_vocalization"},{"start": 90.398, "end": 90.867, "val": "child_vocalization"},{"start": 91.942, "end": 93.341, "val": "child_verbalization"},{"start": 110.724, "end": 111.687, "val": "child_verbalization"},{"start": 112.295, "end": 112.972, "val": "child_vocalization"},{"start": 131.416, "end": 132.573, "val": "child_verbalization"},{"start": 165.968, "end": 166.468, "val": "child_vocalization"},{"start": 170.364, "end": 172.249, "val": "child_vocalization"},{"start": 195.038, "end": 196.247, "val": "child_verbalization"},{"start": 209.055, "end": 210.104, "val": "child_verbalization"},{"start": 220.754, "end": 222.356, "val": "child_verbalization"}],"green":[{"start": 40.955, "end": 42.422, "val": "gesture_reach"},{"start": 46.361, "end": 48.794, "val": "gesture_reach"},{"start": 64.241, "end": 68.54, "val": "gesture_reach"},{"start": 98.581, "end": 100.891, "val": "gesture_point"},{"start": 110.257, "end": 112.43, "val": "gesture_point"},{"start": 128.564, "end": 130.01, "val": "gesture_head_shake"},{"start": 144.108, "end": 145.712, "val": "gesture_point"},{"start": 42.604, "end": 44.98, "val": "gesture_reach"}],"blue":[{"start": 25.493, "end": 31.36, "val": "gaze_ex_face"},{"start": 34.069, "end": 34.595, "val": "gaze_ex_face"},{"start": 46.118, "end": 47.698, "val": "gaze_ex_face"},{"start": 60.748, "end": 61.966, "val": "gaze_ex_face"},{"start": 64.752, "end": 66.3, "val": "gaze_ex_face"},{"start": 67.059, "end": 68.475, "val": "gaze_ex_face"},{"start": 76.822, "end": 77.277, "val": "gaze_ex_face"},{"start": 86.426, "end": 87.511, "val": "gaze_ex_face"},{"start": 90.7, "end": 91.454, "val": "gaze_ex_face"},{"start": 92.147, "end": 94.421, "val": "gaze_ex_face"},{"start": 104.362, "end": 105.248, "val": "gaze_ex_face"},{"start": 123.002, "end": 130.13, "val": "gaze_ex_face"},{"start": 164.181, "end": 165.068, "val": "gaze_ex_face"},{"start": 175.525, "end": 177.13, "val": "gaze_ex_face"},{"start": 193.181, "end": 194.793, "val": "gaze_ex_face"},{"start": 195.36, "end": 195.773, "val": "gaze_ex_face"},{"start": 199.154, "end": 199.514, "val": "gaze_ex_face"},{"start": 295.916, "end": 296.369, "val": "gaze_ex_face"},{"start": 297.049, "end": 297.872, "val": "gaze_ex_face"},{"start": 298.432, "end": 299.032, "val": "gaze_ex_face"}],"dashes":[{"start": 35.075, "end": 35.844, "val": "gaze_ball"},{"start": 37.685, "end": 38.967, "val": "gaze_ball"},{"start": 39.792, "end": 42.491, "val": "gaze_ball"},{"start": 45.101, "end": 46.052, "val": "gaze_ball"},{"start": 47.764, "end": 48.683, "val": "gaze_ball"},{"start": 63.046, "end": 64.62, "val": "gaze_ball"},{"start": 70.039, "end": 71.123, "val": "gaze_ball"},{"start": 74.417, "end": 76.723, "val": "gaze_book"},{"start": 77.442, "end": 86.327, "val": "gaze_book"},{"start": 87.709, "end": 88.198, "val": "gaze_book"},{"start": 88.594, "end": 90.469, "val": "gaze_book"},{"start": 94.586, "end": 103.966, "val": "gaze_book"},{"start": 105.766, "end": 120.617, "val": "gaze_book"},{"start": 120.869, "end": 122.804, "val": "gaze_book"},{"start": 130.269, "end": 130.829, "val": "gaze_book"},{"start": 162.605, "end": 164.082, "val": "gaze_ex_hands"},{"start": 165.167, "end": 166.916, "val": "gaze_ex_hands"},{"start": 182.962, "end": 183.986, "val": "gaze_ex_hands"},{"start": 197.046, "end": 199.055, "val": "gaze_ex_hands"},{"start": 177.067, "end": 177.912, "val": "child_laugh"},{"start": 191.61, "end": 192.113, "val": "child_laugh"},{"start": 193.087, "end": 193.745, "val": "child_laugh"},{"start": 222.739, "end": 224.78, "val": "child_laugh"}],"linebreak":[{"start": 52.708, "end": 64.257, "val": "c_away"},{"start": 131.609, "end": 161.565, "val": "c_away"},{"start": 166.502, "end": 232.949, "val": "c_away"}],"filled":[{"start": 34.748, "end": 35.831, "val": "look at my ball"},{"start": 75.16, "end": 76.045, "val": "look at my book"},{"start": 89.032, "end": 89.821, "val": "what's next?"},{"start": 97.603, "end": 98.644, "val": "where is the ... ?"},{"start": 101.066, "end": 101.903, "val": "what's next?"},{"start": 111.06, "end": 112.163, "val": "can you turn the page?"},{"start": 124.017, "end": 125.056, "val": "where is the book?"},{"start": 126.01, "end": 127.831, "val": "it's a hat! It's on my head!"}],"unfilled":[{"start": 28.583, "end": 30.302, "val": "play with new toys"},{"start": 37.667, "end": 38.714, "val": "let's play ball"},{"start": 39.231, "end": 41.17, "val": "ready, set, ..."},{"start": 41.732, "end": 43.271, "val": "go!"},{"start": 45.864, "end": 47.778, "val": "ready, set, ..."},{"start": 48.102, "end": 49.304, "val": "go!"},{"start": 51.75, "end": 54.166, "val": "ready, set, ..."},{"start": 63.879, "end": 65.889, "val": "ready, set, ..."},{"start": 67.7, "end": 69.479, "val": "go!"},{"start": 162.959, "end": 164.071, "val": "gonna tickle you"},{"start": 164.497, "end": 168.418, "val": "gonna get you"},{"start": 177.199, "end": 178.405, "val": "tickle tickle tickle"},{"start": 182.911, "end": 186.754, "val": "gonna get you"},{"start": 192.934, "end": 194.16, "val": "tickle tickle tickle"},{"start": 198.57, "end": 203.978, "val": "gonna get you"},{"start": 215.615, "end": 216.898, "val": "gonna get you"},{"start": 221.751, "end": 223.238, "val": "tickle tickle tickle"}],"redfilled":[{"start": 25.069, "end": 25.998, "val": "hi_c_name"},{"start": 269.624, "end": 270.088, "val": "c_name"},{"start": 294.679, "end": 295.347, "val": "c_name"}],"examiner":[{"start": 24.551, "end": 31.021, "val": "c_face"},{"start": 33.606, "end": 36.806, "val": "c_face"},{"start": 37.466, "end": 41.426, "val": "c_face"},{"start": 41.916, "end": 44.466, "val": "c_face"},{"start": 44.976, "end": 46.916, "val": "c_face"},{"start": 47.601, "end": 47.891, "val": "c_face"},{"start": 49.156, "end": 49.886, "val": "c_face"},{"start": 51.131, "end": 58.291, "val": "c_face"},{"start": 59.151, "end": 60.181, "val": "c_face"},{"start": 60.676, "end": 60.996, "val": "c_face"},{"start": 61.936, "end": 67.696, "val": "c_face"},{"start": 68.836, "end": 69.386, "val": "c_face"},{"start": 70.041, "end": 70.381, "val": "c_face"},{"start": 75.236, "end": 77.246, "val": "c_face"},{"start": 85.051, "end": 85.261, "val": "c_face"},{"start": 86.036, "end": 87.066, "val": "c_face"},{"start": 88.446, "end": 90.826, "val": "c_face"},{"start": 91.731, "end": 92.301, "val": "c_face"},{"start": 93.956, "end": 94.566, "val": "c_face"},{"start": 96.851, "end": 98.741, "val": "c_face"},{"start": 101.416, "end": 103.616, "val": "c_face"},{"start": 103.616, "end": 103.796, "val": "c_face"},{"start": 104.326, "end": 104.686, "val": "c_face"},{"start": 105.541, "end": 105.871, "val": "c_face"},{"start": 107.591, "end": 108.361, "val": "c_face"},{"start": 109.266, "end": 112.406, "val": "c_face"},{"start": 118.581, "end": 121.211, "val": "c_face"},{"start": 122.011, "end": 129.951, "val": "c_face"},{"start": 159.051, "end": 168.211, "val": "c_face"},{"start": 175.141, "end": 178.261, "val": "c_face"},{"start": 182.651, "end": 184.821, "val": "c_face"},{"start": 191.376, "end": 199.916, "val": "c_face"}],"socialbid":[{"start": 26.334, "end": 27.994, "val": "social_overture"},{"start": 32.139, "end": 34.601, "val": "social_overture"},{"start": 46.361, "end": 47.674, "val": "social_overture"},{"start": 64.241, "end": 68.522, "val": "social_overture"},{"start": 76.212, "end": 77.377, "val": "social_overture"},{"start": 86.426, "end": 87.581, "val": "social_overture"},{"start": 90.398, "end": 91.563, "val": "social_overture"},{"start": 91.942, "end": 94.437, "val": "social_overture"},{"start": 110.257, "end": 112.214, "val": "social_overture"},{"start": 128.564, "end": 130.01, "val": "social_overture"},{"start": 175.525, "end": 177.921, "val": "social_overture"},{"start": 195.038, "end": 196.259, "val": "social_overture"}]}