{"info":[{"origin": 0, "child": "RA110"}],"duration":[{"start": 1724.079, "end": 1879.923}],"rabc":[{"start": 1724.079, "end": 1846.85, "val": "RABC"}],"stages":[{"start": 1724.57, "end": 1729.024, "val": "greeting"},{"start": 1732.04, "end": 1754.489, "val": "ball"},{"start": 1757.127, "end": 1806.391, "val": "book"},{"start": 1806.391, "end": 1814.387, "val": "hat"},{"start": 1817.241, "end": 1846.345, "val": "tickle"},{"start": 1863.184, "end": 1866.683, "val": "name_s"},{"start": 1876.27, "end": 1879.923, "val": "name_f"}],"red":[{"start": 1728.004, "end": 1728.776, "val": "child_vocalization"},{"start": 1734.488, "end": 1734.822, "val": "child_vocalization"},{"start": 1737.415, "end": 1737.64, "val": "child_vocalization"},{"start": 1738.504, "end": 1738.968, "val": "child_verbalization"},{"start": 1744.18, "end": 1744.565, "val": "child_verbalization"},{"start": 1747.801, "end": 1748.527, "val": "child_verbalization"},{"start": 1749.41, "end": 1750.0, "val": "child_verbalization"},{"start": 1750.559, "end": 1751.058, "val": "child_verbalization"},{"start": 1755.319, "end": 1756.991, "val": "child_verbalization"},{"start": 1791.831, "end": 1793.901, "val": "child_vocalization"},{"start": 1794.623, "end": 1796.49, "val": "child_vocalization"},{"start": 1797.667, "end": 1799.25, "val": "child_verbalization"},{"start": 1799.69, "end": 1800.745, "val": "child_vocalization"},{"start": 1813.72, "end": 1814.413, "val": "child_vocalization"},{"start": 1815.728, "end": 1816.447, "val": "child_vocalization"},{"start": 1832.996, "end": 1833.257, "val": "child_vocalization"},{"start": 1844.612, "end": 1846.678, "val": "child_vocalization"}],"green":[{"start": 1725.08, "end": 1725.96, "val": "gesture_clap"},{"start": 1737.541, "end": 1739.872, "val": "gesture_reach"},{"start": 1743.278, "end": 1745.412, "val": "gesture_reach"},{"start": 1777.029, "end": 1779.617, "val": "gesture_point"},{"start": 1810.828, "end": 1813.512, "val": "gesture_point"},{"start": 1841.052, "end": 1842.915, "val": "gesture_other"},{"start": 1739.901, "end": 1740.743, "val": "gesture_reach"}],"blue":[{"start": 1725.574, "end": 1726.309, "val": "gaze_ex_face"},{"start": 1731.774, "end": 1732.113, "val": "gaze_ex_face"},{"start": 1734.018, "end": 1734.744, "val": "gaze_ex_face"},{"start": 1747.434, "end": 1748.07, "val": "gaze_ex_face"},{"start": 1751.27, "end": 1751.746, "val": "gaze_ex_face"},{"start": 1762.303, "end": 1762.805, "val": "gaze_ex_face"},{"start": 1800.801, "end": 1801.594, "val": "gaze_ex_face"},{"start": 1807.149, "end": 1808.093, "val": "gaze_ex_face"},{"start": 1809.236, "end": 1814.062, "val": "gaze_ex_face"},{"start": 1817.268, "end": 1818.537, "val": "gaze_ex_face"},{"start": 1823.191, "end": 1823.787, "val": "gaze_ex_face"},{"start": 1828.906, "end": 1829.72, "val": "gaze_ex_face"},{"start": 1843.737, "end": 1844.024, "val": "gaze_ex_face"},{"start": 1864.105, "end": 1866.397, "val": "gaze_ex_face"},{"start": 1876.902, "end": 1877.629, "val": "gaze_ex_face"},{"start": 1878.862, "end": 1879.662, "val": "gaze_ex_face"}],"dashes":[{"start": 1732.324, "end": 1733.999, "val": "gaze_ball"},{"start": 1735.552, "end": 1740.153, "val": "gaze_ball"},{"start": 1741.164, "end": 1743.336, "val": "gaze_ball"},{"start": 1744.647, "end": 1745.564, "val": "gaze_ball"},{"start": 1746.203, "end": 1747.314, "val": "gaze_ball"},{"start": 1748.15, "end": 1751.16, "val": "gaze_ball"},{"start": 1751.826, "end": 1752.73, "val": "gaze_ball"},{"start": 1753.669, "end": 1754.382, "val": "gaze_ball"},{"start": 1757.867, "end": 1759.796, "val": "gaze_book"},{"start": 1762.885, "end": 1771.024, "val": "gaze_book"},{"start": 1772.16, "end": 1800.601, "val": "gaze_book"},{"start": 1801.674, "end": 1806.732, "val": "gaze_book"},{"start": 1814.102, "end": 1814.995, "val": "gaze_book"},{"start": 1816.534, "end": 1817.228, "val": "gaze_ex_hands"},{"start": 1818.617, "end": 1821.057, "val": "gaze_ex_hands"},{"start": 1827.372, "end": 1828.803, "val": "gaze_ex_hands"},{"start": 1829.75, "end": 1830.84, "val": "gaze_ex_hands"},{"start": 1834.846, "end": 1843.562, "val": "gaze_ex_hands"},{"start": 1736.24, "end": 1736.815, "val": "child_laugh"},{"start": 1742.683, "end": 1743.139, "val": "child_laugh"},{"start": 1807.606, "end": 1809.359, "val": "child_whine_cry"},{"start": 1809.886, "end": 1810.902, "val": "child_whine_cry"},{"start": 1825.871, "end": 1827.16, "val": "child_laugh"},{"start": 1827.88, "end": 1828.743, "val": "child_laugh"},{"start": 1835.523, "end": 1836.145, "val": "child_laugh"},{"start": 1839.4, "end": 1842.329, "val": "child_laugh"}],"linebreak":[],"filled":[{"start": 1732.21, "end": 1733.41, "val": "look at my ball"},{"start": 1757.85, "end": 1758.77, "val": "look at my book"},{"start": 1773.65, "end": 1774.39, "val": "what's next?"},{"start": 1775.69, "end": 1776.61, "val": "where is the ... ?"},{"start": 1780.59, "end": 1781.35, "val": "what's next?"},{"start": 1790.25, "end": 1790.932, "val": "what's next?"},{"start": 1808.64, "end": 1809.708, "val": "where is the book?"},{"start": 1811.03, "end": 1812.973, "val": "it's a hat! It's on my head!"}],"unfilled":[{"start": 1725.96, "end": 1728.11, "val": "play with new toys"},{"start": 1735.25, "end": 1736.03, "val": "let's play ball"},{"start": 1736.63, "end": 1738.44, "val": "ready, set, ..."},{"start": 1739.04, "end": 1739.716, "val": "go!"},{"start": 1742.02, "end": 1744.028, "val": "ready, set, ..."},{"start": 1744.74, "end": 1745.533, "val": "go!"},{"start": 1747.15, "end": 1749.34, "val": "ready, set, ..."},{"start": 1751.83, "end": 1752.583, "val": "go!"},{"start": 1817.35, "end": 1818.64, "val": "gonna tickle you"},{"start": 1819.32, "end": 1823.41, "val": "gonna get you"},{"start": 1823.72, "end": 1825.349, "val": "tickle tickle tickle"},{"start": 1826.19, "end": 1830.98, "val": "gonna get you"},{"start": 1831.38, "end": 1832.858, "val": "tickle tickle tickle"},{"start": 1833.903, "end": 1839.206, "val": "gonna get you"},{"start": 1844.2, "end": 1845.65, "val": "tickle tickle tickle"}],"redfilled":[{"start": 1724.57, "end": 1725.44, "val": "hi_c_name"},{"start": 1863.18, "end": 1863.603, "val": "c_name"},{"start": 1876.27, "end": 1876.7, "val": "c_name"}],"examiner":[{"start": 1724.09, "end": 1728.79, "val": "c_face"},{"start": 1732.04, "end": 1738.47, "val": "c_face"},{"start": 1739.315, "end": 1740.525, "val": "c_face"},{"start": 1741.245, "end": 1744.475, "val": "c_face"},{"start": 1745.7, "end": 1745.94, "val": "c_face"},{"start": 1746.31, "end": 1751.74, "val": "c_face"},{"start": 1753.245, "end": 1753.645, "val": "c_face"},{"start": 1757.585, "end": 1762.905, "val": "c_face"},{"start": 1769.07, "end": 1769.68, "val": "c_face"},{"start": 1771.56, "end": 1771.91, "val": "c_face"},{"start": 1772.525, "end": 1773.195, "val": "c_face"},{"start": 1775.125, "end": 1776.315, "val": "c_face"},{"start": 1779.9, "end": 1780.7, "val": "c_face"},{"start": 1789.71, "end": 1790.25, "val": "c_face"},{"start": 1790.63, "end": 1801.39, "val": "c_face"},{"start": 1801.42, "end": 1801.93, "val": "c_face"},{"start": 1801.975, "end": 1802.215, "val": "c_face"},{"start": 1804.545, "end": 1814.385, "val": "c_face"},{"start": 1816.1, "end": 1846.79, "val": "c_face"}],"socialbid":[{"start": 1725.06, "end": 1726.31, "val": "soc_bid"},{"start": 1734.018, "end": 1734.843, "val": "soc_bid"},{"start": 1737.56, "end": 1739.87, "val": "soc_bid"},{"start": 1743.28, "end": 1745.4, "val": "soc_bid"},{"start": 1747.45, "end": 1748.536, "val": "soc_bid"},{"start": 1750.559, "end": 1751.79, "val": "soc_bid"},{"start": 1799.69, "end": 1801.637, "val": "soc_bid"},{"start": 1807.149, "end": 1810.855, "val": "soc_bid"}]}