{"info":[{"origin": 0, "child": "RA124"}],"duration":[{"start": 1594.063, "end": 1779.113}],"rabc":[{"start": 1594.09, "end": 1722.37, "val": "RABC"}],"stages":[{"start": 1594.59, "end": 1599.59, "val": "greeting"},{"start": 1601.88, "end": 1629.41, "val": "ball"},{"start": 1646.731, "end": 1686.931, "val": "book"},{"start": 1686.931, "end": 1694.927, "val": "hat"},{"start": 1698.182, "end": 1721.862, "val": "tickle"},{"start": 1750.334, "end": 1764.09, "val": "name_s"},{"start": 1768.433, "end": 1779.113, "val": "name_f"}],"red":[{"start": 1595.958, "end": 1596.56, "val": "child_verbalization"},{"start": 1598.751, "end": 1599.27, "val": "child_verbalization"},{"start": 1600.803, "end": 1601.401, "val": "child_vocalization"},{"start": 1617.31, "end": 1618.491, "val": "child_vocalization"},{"start": 1625.29, "end": 1625.85, "val": "child_vocalization"},{"start": 1628.069, "end": 1629.543, "val": "child_vocalization"},{"start": 1633.34, "end": 1636.09, "val": "child_vocalization"},{"start": 1637.11, "end": 1637.59, "val": "child_vocalization"},{"start": 1649.75, "end": 1650.93, "val": "child_vocalization"},{"start": 1658.02, "end": 1659.07, "val": "child_verbalization"},{"start": 1666.522, "end": 1667.03, "val": "child_vocalization"},{"start": 1668.502, "end": 1669.55, "val": "child_verbalization"},{"start": 1680.41, "end": 1681.21, "val": "child_vocalization"},{"start": 1683.973, "end": 1684.79, "val": "child_verbalization"},{"start": 1690.417, "end": 1691.38, "val": "child_verbalization"},{"start": 1694.27, "end": 1695.37, "val": "child_verbalization"},{"start": 1695.89, "end": 1697.77, "val": "child_verbalization"},{"start": 1705.217, "end": 1705.588, "val": "child_vocalization"},{"start": 1710.8, "end": 1712.9, "val": "child_verbalization"},{"start": 1714.75, "end": 1715.51, "val": "child_verbalization"},{"start": 1718.156, "end": 1718.54, "val": "child_vocalization"},{"start": 1719.909, "end": 1720.973, "val": "child_vocalization"},{"start": 1721.518, "end": 1722.336, "val": "child_verbalization"}],"green":[{"start": 1626.3, "end": 1626.7, "val": "gesture_pat_table"},{"start": 1653.843, "end": 1658.283, "val": "gesture_point"},{"start": 1690.273, "end": 1691.233, "val": "gesture_point"},{"start": 1610.5, "end": 1612.98, "val": "gesture_reach"},{"start": 1617.66, "end": 1620.62, "val": "gesture_reach"},{"start": 1627.738, "end": 1629.736, "val": "gesture_reach"}],"blue":[{"start": 1596.47, "end": 1599.67, "val": "gaze_ex_face"},{"start": 1603.63, "end": 1604.754, "val": "gaze_ex_face"},{"start": 1606.51, "end": 1608.818, "val": "gaze_ex_face"},{"start": 1610.71, "end": 1611.79, "val": "gaze_ex_face"},{"start": 1613.99, "end": 1614.83, "val": "gaze_ex_face"},{"start": 1618.679, "end": 1619.279, "val": "gaze_ex_face"},{"start": 1621.439, "end": 1621.919, "val": "gaze_ex_face"},{"start": 1622.827, "end": 1624.679, "val": "gaze_ex_face"},{"start": 1638.154, "end": 1638.513, "val": "gaze_ex_face"},{"start": 1646.073, "end": 1646.513, "val": "gaze_ex_face"},{"start": 1650.139, "end": 1651.219, "val": "gaze_ex_face"},{"start": 1666.87, "end": 1668.939, "val": "gaze_ex_face"},{"start": 1684.259, "end": 1684.659, "val": "gaze_ex_face"},{"start": 1687.619, "end": 1693.819, "val": "gaze_ex_face"},{"start": 1694.059, "end": 1694.563, "val": "gaze_ex_face"},{"start": 1698.739, "end": 1700.354, "val": "gaze_ex_face"},{"start": 1700.795, "end": 1702.059, "val": "gaze_ex_face"},{"start": 1702.339, "end": 1702.699, "val": "gaze_ex_face"},{"start": 1705.179, "end": 1705.563, "val": "gaze_ex_face"},{"start": 1706.754, "end": 1707.379, "val": "gaze_ex_face"},{"start": 1718.536, "end": 1724.23, "val": "gaze_ex_face"},{"start": 1777.545, "end": 1778.97, "val": "gaze_ex_face"}],"dashes":[{"start": 1602.67, "end": 1603.55, "val": "gaze_ball"},{"start": 1604.83, "end": 1606.47, "val": "gaze_ball"},{"start": 1608.87, "end": 1610.39, "val": "gaze_ball"},{"start": 1612.99, "end": 1613.91, "val": "gaze_ball"},{"start": 1614.909, "end": 1617.35, "val": "gaze_ball"},{"start": 1620.879, "end": 1621.399, "val": "gaze_ball"},{"start": 1621.999, "end": 1622.599, "val": "gaze_ball"},{"start": 1624.759, "end": 1626.599, "val": "gaze_ball"},{"start": 1626.799, "end": 1627.959, "val": "gaze_ball"},{"start": 1647.739, "end": 1650.059, "val": "gaze_book"},{"start": 1651.259, "end": 1662.139, "val": "gaze_book"},{"start": 1662.859, "end": 1666.379, "val": "gaze_book"},{"start": 1669.339, "end": 1679.579, "val": "gaze_book"},{"start": 1679.659, "end": 1680.71, "val": "gaze_ex_hands"},{"start": 1680.79, "end": 1684.019, "val": "gaze_book"},{"start": 1684.779, "end": 1687.139, "val": "gaze_book"},{"start": 1694.619, "end": 1694.979, "val": "gaze_book"},{"start": 1698.179, "end": 1698.699, "val": "gaze_ex_hands"},{"start": 1700.419, "end": 1700.709, "val": "gaze_ex_hands"},{"start": 1702.772, "end": 1703.499, "val": "gaze_ex_hands"},{"start": 1705.699, "end": 1706.659, "val": "gaze_ex_hands"},{"start": 1707.419, "end": 1709.699, "val": "gaze_ex_hands"},{"start": 1644.55, "end": 1645.91, "val": "child_whine_cry"},{"start": 1704.01, "end": 1704.69, "val": "child_laugh"},{"start": 1709.658, "end": 1710.409, "val": "child_laugh"}],"linebreak":[{"start": 1694.804, "end": 1698.724, "val": "c_disengage"}],"filled":[{"start": 1602.246, "end": 1603.554, "val": "look at my ball"},{"start": 1647.683, "end": 1648.57, "val": "look at my book"},{"start": 1665.09, "end": 1666.27, "val": "where is the ... ?"},{"start": 1667.359, "end": 1668.32, "val": "where is the ... ?"},{"start": 1678.745, "end": 1679.705, "val": "what's next?"},{"start": 1689.05, "end": 1690.29, "val": "where is the book?"},{"start": 1691.268, "end": 1693.51, "val": "it's a hat! It's on my head!"}],"unfilled":[{"start": 1596.67, "end": 1598.93, "val": "play with new toys"},{"start": 1604.95, "end": 1605.91, "val": "let's play ball"},{"start": 1606.221, "end": 1608.417, "val": "ready, set, ..."},{"start": 1608.86, "end": 1610.15, "val": "go!"},{"start": 1613.722, "end": 1615.891, "val": "ready, set, ..."},{"start": 1616.439, "end": 1617.406, "val": "go!"},{"start": 1621.237, "end": 1623.297, "val": "ready, set, ..."},{"start": 1627.043, "end": 1628.292, "val": "go!"},{"start": 1698.18, "end": 1699.775, "val": "gonna tickle you"},{"start": 1700.01, "end": 1703.606, "val": "gonna get you"},{"start": 1703.82, "end": 1704.97, "val": "tickle tickle tickle"},{"start": 1705.621, "end": 1709.37, "val": "gonna get you"},{"start": 1709.65, "end": 1711.007, "val": "tickle tickle tickle"},{"start": 1711.98, "end": 1716.27, "val": "gonna get you"},{"start": 1719.356, "end": 1721.31, "val": "tickle tickle tickle"}],"redfilled":[{"start": 1594.59, "end": 1595.72, "val": "hi_c_name"},{"start": 1750.334, "end": 1751.097, "val": "c_name"},{"start": 1754.5, "end": 1755.327, "val": "c_name"},{"start": 1758.73, "end": 1759.725, "val": "c_name"},{"start": 1768.433, "end": 1769.192, "val": "c_name"},{"start": 1771.963, "end": 1772.74, "val": "c_name"},{"start": 1775.65, "end": 1776.68, "val": "c_name"}],"examiner":[{"start": 1594.063, "end": 1599.483, "val": "c_face"},{"start": 1601.838, "end": 1608.368, "val": "c_face"},{"start": 1608.653, "end": 1609.083, "val": "c_face"},{"start": 1609.388, "end": 1609.848, "val": "c_face"},{"start": 1613.103, "end": 1616.303, "val": "c_face"},{"start": 1617.073, "end": 1617.573, "val": "c_face"},{"start": 1618.293, "end": 1619.243, "val": "c_face"},{"start": 1620.643, "end": 1627.133, "val": "c_face"},{"start": 1628.208, "end": 1629.418, "val": "c_face"},{"start": 1647.438, "end": 1651.068, "val": "c_face"},{"start": 1652.738, "end": 1653.548, "val": "c_face"},{"start": 1654.113, "end": 1654.283, "val": "c_face"},{"start": 1654.728, "end": 1655.088, "val": "c_face"},{"start": 1658.203, "end": 1658.493, "val": "c_face"},{"start": 1659.528, "end": 1659.928, "val": "c_face"},{"start": 1660.468, "end": 1660.708, "val": "c_face"},{"start": 1661.408, "end": 1661.688, "val": "c_face"},{"start": 1662.633, "end": 1663.073, "val": "c_face"},{"start": 1665.618, "end": 1665.798, "val": "c_face"},{"start": 1666.108, "end": 1666.298, "val": "c_face"},{"start": 1666.738, "end": 1668.868, "val": "c_face"},{"start": 1678.743, "end": 1684.793, "val": "c_face"},{"start": 1685.508, "end": 1687.388, "val": "c_face"},{"start": 1687.473, "end": 1695.083, "val": "c_face"},{"start": 1696.923, "end": 1722.323, "val": "c_face"}],"socialbid":[{"start": 1595.958, "end": 1597.694, "val": "soc_bid"},{"start": 1649.75, "end": 1651.245, "val": "soc_bid"},{"start": 1655.821, "end": 1659.096, "val": "soc_bid"},{"start": 1666.522, "end": 1667.357, "val": "soc_bid"},{"start": 1683.973, "end": 1684.732, "val": "soc_bid"},{"start": 1699.781, "end": 1702.059, "val": "soc_bid"},{"start": 1705.179, "end": 1705.563, "val": "soc_bid"},{"start": 1718.593, "end": 1724.27, "val": "soc_bid"}]}