{"info":[],"duration":[{"start": 340.0, "end": 569.1}],"rabc":[],"stages":[{"start": 341.4, "end": 344.6, "val": "ex_face"},{"start": 346.5, "end": 348.7, "val": "ball"},{"start": 348.8, "end": 349.4, "val": "ex_face"},{"start": 349.5, "end": 350.8, "val": "ball"},{"start": 350.9, "end": 351.2, "val": "ex_face"},{"start": 351.3, "end": 352.8, "val": "ball"},{"start": 352.9, "end": 353.3, "val": "ex_face"},{"start": 353.3, "end": 353.8, "val": "ball"},{"start": 353.8, "end": 354.4, "val": "ex_face"},{"start": 354.5, "end": 356.5, "val": "ball"},{"start": 356.6, "end": 357.3, "val": "ex_face"},{"start": 365.1, "end": 366.3, "val": "ball"},{"start": 366.5, "end": 367.5, "val": "ex_face"},{"start": 367.6, "end": 368.9, "val": "ball"},{"start": 369.1, "end": 369.6, "val": "ex_face"},{"start": 376.9, "end": 377.6, "val": "ball"},{"start": 377.7, "end": 378.5, "val": "ex_face"},{"start": 379.8, "end": 381.9, "val": "ball"},{"start": 382.0, "end": 382.6, "val": "ex_face"},{"start": 382.6, "end": 383.2, "val": "ball"},{"start": 383.3, "end": 383.9, "val": "ex_face"},{"start": 392.3, "end": 393.1, "val": "ball"},{"start": 393.8, "end": 394.6, "val": "ex_face"},{"start": 398.3, "end": 401.4, "val": "book"},{"start": 401.5, "end": 402.0, "val": "ex_face"},{"start": 402.1, "end": 402.9, "val": "book"},{"start": 403.0, "end": 403.7, "val": "ex_face"},{"start": 403.8, "end": 410.4, "val": "book"},{"start": 410.5, "end": 411.1, "val": "ex_face"},{"start": 411.1, "end": 414.5, "val": "book"},{"start": 414.6, "end": 414.9, "val": "ex_face"},{"start": 415.0, "end": 418.1, "val": "book"},{"start": 420.1, "end": 422.2, "val": "book"},{"start": 424.3, "end": 430.6, "val": "book"},{"start": 433.0, "end": 436.9, "val": "book"},{"start": 438.2, "end": 439.0, "val": "par_face"},{"start": 450.0, "end": 452.2, "val": "book"},{"start": 452.3, "end": 452.5, "val": "ex_face"},{"start": 461.2, "end": 462.2, "val": "book"},{"start": 463.5, "end": 471.8, "val": "book"},{"start": 472.2, "end": 479.3, "val": "book"},{"start": 479.6, "end": 480.5, "val": "unscorable"},{"start": 480.5, "end": 488.0, "val": "ex_face"},{"start": 488.8, "end": 489.4, "val": "ex_face"},{"start": 489.5, "end": 490.4, "val": "ex_hands"},{"start": 491.1, "end": 493.5, "val": "ex_hands"},{"start": 495.1, "end": 495.9, "val": "ex_face"},{"start": 496.0, "end": 497.6, "val": "ex_hands"},{"start": 497.9, "end": 500.0, "val": "unscorable"},{"start": 503.2, "end": 503.8, "val": "ex_face"},{"start": 504.0, "end": 510.9, "val": "unscorable"},{"start": 537.8, "end": 539.1, "val": "ex_face"},{"start": 567.1, "end": 568.6, "val": "ex_face"}]}