{"info":[{"origin": 2234.465, "child": "RA079"}],"duration":[{"start": 44.6, "end": 288.361}],"child":[{"start": 45.289, "end": 47.432, "val": "child_ex_face"},{"start": 48.222, "end": 49.508, "val": "child_ex_face"},{"start": 51.819, "end": 52.664, "val": "child_ball"},{"start": 52.739, "end": 52.937, "val": "child_ex_face"},{"start": 52.944, "end": 56.584, "val": "child_ball"},{"start": 56.73, "end": 58.25, "val": "child_ex_face"},{"start": 58.41, "end": 59.05, "val": "child_ball"},{"start": 63.97, "end": 64.53, "val": "child_ball"},{"start": 64.53, "end": 65.45, "val": "child_unscorable"},{"start": 65.45, "end": 67.21, "val": "child_ball"},{"start": 67.37, "end": 67.97, "val": "child_ex_face"},{"start": 68.1, "end": 68.46, "val": "child_ball"},{"start": 68.62, "end": 69.06, "val": "child_ex_face"},{"start": 69.18, "end": 70.02, "val": "child_ball"},{"start": 70.18, "end": 71.62, "val": "child_ex_face"},{"start": 78.798, "end": 79.998, "val": "child_unscorable"},{"start": 79.998, "end": 81.118, "val": "child_ball"},{"start": 81.238, "end": 82.678, "val": "child_ex_face"},{"start": 82.838, "end": 83.958, "val": "child_ball"},{"start": 84.118, "end": 84.718, "val": "child_ex_face"},{"start": 85.174, "end": 86.294, "val": "child_ex_face"},{"start": 89.333, "end": 89.813, "val": "child_unscorable"},{"start": 97.496, "end": 103.54, "val": "child_ex_face"},{"start": 103.74, "end": 104.86, "val": "child_ball"},{"start": 105.58, "end": 106.1, "val": "child_ex_face"},{"start": 112.304, "end": 113.344, "val": "child_unscorable"},{"start": 114.024, "end": 116.344, "val": "child_ex_face"},{"start": 118.049, "end": 120.695, "val": "child_book"},{"start": 120.855, "end": 121.455, "val": "child_ex_face"},{"start": 121.575, "end": 127.586, "val": "child_book"},{"start": 127.706, "end": 129.283, "val": "child_ex_face"},{"start": 129.403, "end": 136.855, "val": "child_book"},{"start": 140.619, "end": 141.728, "val": "child_book"},{"start": 141.888, "end": 142.896, "val": "child_ex_face"},{"start": 143.016, "end": 143.954, "val": "child_book"},{"start": 144.074, "end": 144.554, "val": "child_ex_face"},{"start": 144.674, "end": 146.194, "val": "child_book"},{"start": 146.354, "end": 149.034, "val": "child_ex_face"},{"start": 149.154, "end": 156.985, "val": "child_book"},{"start": 157.185, "end": 158.345, "val": "child_ex_face"},{"start": 158.437, "end": 173.37, "val": "child_book"},{"start": 173.53, "end": 175.616, "val": "child_ex_face"},{"start": 175.65, "end": 179.93, "val": "child_book"},{"start": 180.13, "end": 181.37, "val": "child_ex_face"},{"start": 183.175, "end": 184.695, "val": "child_book"},{"start": 184.855, "end": 186.095, "val": "child_ex_face"},{"start": 186.215, "end": 187.775, "val": "child_book"},{"start": 187.892, "end": 188.713, "val": "child_ex_face"},{"start": 188.812, "end": 190.192, "val": "child_book"},{"start": 190.415, "end": 191.335, "val": "child_ex_face"},{"start": 191.575, "end": 193.155, "val": "child_book"},{"start": 193.896, "end": 196.795, "val": "child_ex_face"},{"start": 197.513, "end": 201.313, "val": "child_ex_face"},{"start": 201.473, "end": 202.873, "val": "child_book"},{"start": 203.793, "end": 205.233, "val": "child_ex_face"},{"start": 205.353, "end": 206.833, "val": "child_ex_hands"},{"start": 207.033, "end": 208.153, "val": "child_ex_face"},{"start": 208.673, "end": 209.033, "val": "child_ex_hands"},{"start": 209.073, "end": 210.273, "val": "child_ex_face"},{"start": 210.393, "end": 210.593, "val": "child_ex_hands"},{"start": 210.833, "end": 211.273, "val": "child_ex_face"},{"start": 212.113, "end": 213.313, "val": "child_ex_face"},{"start": 214.909, "end": 215.54, "val": "child_ex_hands"},{"start": 215.639, "end": 215.932, "val": "child_ex_face"},{"start": 218.26, "end": 218.687, "val": "child_ex_face"},{"start": 228.028, "end": 228.268, "val": "child_ex_hands"},{"start": 230.468, "end": 230.788, "val": "child_ex_face"},{"start": 234.188, "end": 234.828, "val": "child_ex_face"},{"start": 234.908, "end": 235.548, "val": "child_ex_hands"},{"start": 236.348, "end": 237.948, "val": "child_ex_face"},{"start": 240.548, "end": 240.988, "val": "child_ex_face"},{"start": 241.068, "end": 241.268, "val": "child_ex_hands"},{"start": 276.346, "end": 280.026, "val": "child_ex_face"},{"start": 287.3, "end": 288.1, "val": "child_ex_face"}],"examiner":[{"start": 44.6, "end": 49.69, "val": "examiner_c_face"},{"start": 51.455, "end": 58.055, "val": "examiner_c_face"},{"start": 58.095, "end": 58.805, "val": "examiner_ball"},{"start": 58.845, "end": 60.495, "val": "examiner_c_face"},{"start": 66.45, "end": 69.32, "val": "examiner_c_face"},{"start": 69.355, "end": 70.175, "val": "examiner_ball"},{"start": 70.205, "end": 70.845, "val": "examiner_c_face"},{"start": 70.875, "end": 71.165, "val": "examiner_ball"},{"start": 71.19, "end": 71.44, "val": "examiner_c_face"},{"start": 71.465, "end": 71.645, "val": "examiner_ball"},{"start": 71.675, "end": 72.625, "val": "examiner_c_face"},{"start": 81.13, "end": 82.82, "val": "examiner_c_face"},{"start": 82.845, "end": 83.175, "val": "examiner_ball"},{"start": 83.2, "end": 85.14, "val": "examiner_c_face"},{"start": 85.17, "end": 85.25, "val": "examiner_ball"},{"start": 85.27, "end": 86.02, "val": "examiner_c_face"},{"start": 86.045, "end": 86.255, "val": "examiner_ball"},{"start": 86.29, "end": 87.15, "val": "examiner_c_face"},{"start": 87.17, "end": 87.48, "val": "examiner_ball"},{"start": 87.505, "end": 88.655, "val": "examiner_c_face"},{"start": 96.05, "end": 104.93, "val": "examiner_c_face"},{"start": 104.97, "end": 105.42, "val": "examiner_ball"},{"start": 105.455, "end": 106.265, "val": "examiner_c_face"},{"start": 106.3, "end": 106.91, "val": "examiner_ball"},{"start": 117.805, "end": 121.905, "val": "examiner_c_face"},{"start": 121.925, "end": 124.775, "val": "examiner_book"},{"start": 124.81, "end": 125.14, "val": "examiner_c_face"},{"start": 125.175, "end": 125.505, "val": "examiner_book"},{"start": 125.54, "end": 126.18, "val": "examiner_c_face"},{"start": 126.21, "end": 127.69, "val": "examiner_book"},{"start": 127.91, "end": 128.58, "val": "examiner_c_face"},{"start": 128.615, "end": 128.965, "val": "examiner_book"},{"start": 129.0, "end": 129.55, "val": "examiner_c_face"},{"start": 129.585, "end": 131.075, "val": "examiner_book"},{"start": 131.1, "end": 131.34, "val": "examiner_c_face"},{"start": 131.37, "end": 132.04, "val": "examiner_book"},{"start": 132.085, "end": 132.255, "val": "examiner_c_face"},{"start": 132.27, "end": 134.37, "val": "examiner_book"},{"start": 134.39, "end": 134.64, "val": "examiner_c_face"},{"start": 134.685, "end": 135.195, "val": "examiner_book"},{"start": 135.23, "end": 135.57, "val": "examiner_c_face"},{"start": 135.61, "end": 137.15, "val": "examiner_book"},{"start": 137.19, "end": 137.52, "val": "examiner_c_face"},{"start": 137.565, "end": 138.465, "val": "examiner_c_face"},{"start": 138.505, "end": 139.785, "val": "examiner_book"},{"start": 139.815, "end": 140.195, "val": "examiner_c_face"},{"start": 140.245, "end": 140.475, "val": "examiner_book"},{"start": 140.51, "end": 141.34, "val": "examiner_c_face"},{"start": 141.375, "end": 141.655, "val": "examiner_book"},{"start": 141.695, "end": 143.345, "val": "examiner_c_face"},{"start": 143.36, "end": 143.54, "val": "examiner_book"},{"start": 143.58, "end": 144.85, "val": "examiner_c_face"},{"start": 144.905, "end": 146.485, "val": "examiner_book"},{"start": 146.505, "end": 147.365, "val": "examiner_c_face"},{"start": 147.395, "end": 147.625, "val": "examiner_book"},{"start": 147.66, "end": 149.3, "val": "examiner_c_face"},{"start": 149.335, "end": 149.695, "val": "examiner_book"},{"start": 149.735, "end": 152.035, "val": "examiner_c_face"},{"start": 152.065, "end": 152.525, "val": "examiner_book"},{"start": 152.565, "end": 153.065, "val": "examiner_c_face"},{"start": 153.095, "end": 153.695, "val": "examiner_book"},{"start": 153.735, "end": 155.325, "val": "examiner_c_face"},{"start": 155.38, "end": 155.66, "val": "examiner_book"},{"start": 155.7, "end": 161.35, "val": "examiner_c_face"},{"start": 161.385, "end": 163.415, "val": "examiner_book"},{"start": 163.44, "end": 163.99, "val": "examiner_c_face"},{"start": 164.015, "end": 164.255, "val": "examiner_book"},{"start": 164.295, "end": 164.545, "val": "examiner_c_face"},{"start": 164.57, "end": 164.77, "val": "examiner_book"},{"start": 164.81, "end": 166.08, "val": "examiner_c_face"},{"start": 166.115, "end": 167.135, "val": "examiner_book"},{"start": 167.175, "end": 167.415, "val": "examiner_c_face"},{"start": 167.455, "end": 167.755, "val": "examiner_book"},{"start": 167.785, "end": 168.325, "val": "examiner_c_face"},{"start": 168.365, "end": 168.525, "val": "examiner_book"},{"start": 168.565, "end": 169.535, "val": "examiner_c_face"},{"start": 169.565, "end": 171.195, "val": "examiner_book"},{"start": 171.24, "end": 171.43, "val": "examiner_c_face"},{"start": 171.465, "end": 171.945, "val": "examiner_book"},{"start": 171.965, "end": 172.125, "val": "examiner_c_face"},{"start": 172.875, "end": 173.105, "val": "examiner_book"},{"start": 173.13, "end": 175.17, "val": "examiner_c_face"},{"start": 175.22, "end": 175.93, "val": "examiner_book"},{"start": 175.975, "end": 177.115, "val": "examiner_c_face"},{"start": 177.165, "end": 177.845, "val": "examiner_book"},{"start": 177.895, "end": 178.325, "val": "examiner_c_face"},{"start": 178.36, "end": 178.5, "val": "examiner_book"},{"start": 178.53, "end": 180.87, "val": "examiner_c_face"},{"start": 180.89, "end": 181.29, "val": "examiner_book"},{"start": 181.31, "end": 181.91, "val": "examiner_c_face"},{"start": 181.97, "end": 182.3, "val": "examiner_book"},{"start": 182.345, "end": 184.255, "val": "examiner_book"},{"start": 184.3, "end": 184.91, "val": "examiner_c_face"},{"start": 184.935, "end": 185.065, "val": "examiner_book"},{"start": 185.08, "end": 185.69, "val": "examiner_c_face"},{"start": 185.72, "end": 186.08, "val": "examiner_book"},{"start": 186.11, "end": 187.0, "val": "examiner_c_face"},{"start": 187.045, "end": 187.865, "val": "examiner_book"},{"start": 187.895, "end": 190.895, "val": "examiner_c_face"},{"start": 190.965, "end": 191.745, "val": "examiner_book"},{"start": 191.785, "end": 192.095, "val": "examiner_c_face"},{"start": 192.13, "end": 192.62, "val": "examiner_book"},{"start": 192.645, "end": 193.235, "val": "examiner_c_face"},{"start": 193.27, "end": 202.33, "val": "examiner_c_face"},{"start": 204.31, "end": 221.99, "val": "examiner_c_face"},{"start": 225.18, "end": 243.32, "val": "examiner_c_face"}],"filled":[{"start": 51.855, "end": 53.183, "val": "look at my ball"},{"start": 70.73, "end": 71.558, "val": "roll it back?"},{"start": 84.808, "end": 85.594, "val": "roll it back?"},{"start": 117.954, "end": 119.328, "val": "look at my book"},{"start": 136.398, "end": 137.244, "val": "what's next?"},{"start": 141.723, "end": 142.737, "val": "where is the ... ?"},{"start": 144.91, "end": 145.712, "val": "where is the ... ?"},{"start": 147.622, "end": 149.054, "val": "can you turn the page?"},{"start": 154.296, "end": 155.334, "val": "can you turn the page?"},{"start": 157.423, "end": 158.421, "val": "can you turn the page?"},{"start": 173.094, "end": 174.031, "val": "can you turn the page?"},{"start": 176.647, "end": 177.552, "val": "can you turn the page?"},{"start": 185.465, "end": 186.351, "val": "can you turn the page?"},{"start": 195.135, "end": 196.317, "val": "where is the book?"},{"start": 197.822, "end": 199.575, "val": "it's a hat! It's on my head!"}],"unfilled":[{"start": 46.069, "end": 48.229, "val": "play with new toys"},{"start": 54.429, "end": 55.548, "val": "let's play ball"},{"start": 55.827, "end": 57.933, "val": "ready, set, ..."},{"start": 58.299, "end": 59.531, "val": "go!"},{"start": 66.962, "end": 69.08, "val": "ready, set, ..."},{"start": 69.546, "end": 70.513, "val": "go!"},{"start": 80.913, "end": 82.957, "val": "ready, set, ..."},{"start": 83.202, "end": 84.293, "val": "go!"},{"start": 96.357, "end": 98.717, "val": "ready, set, ..."},{"start": 103.191, "end": 104.455, "val": "go!"},{"start": 204.886, "end": 206.164, "val": "gonna tickle you"},{"start": 206.764, "end": 210.567, "val": "gonna get you"},{"start": 210.91, "end": 212.562, "val": "tickle tickle tickle"},{"start": 213.395, "end": 217.667, "val": "gonna get you"},{"start": 218.003, "end": 219.745, "val": "tickle tickle tickle"},{"start": 226.03, "end": 231.187, "val": "gonna get you"},{"start": 231.911, "end": 233.522, "val": "tickle tickle tickle"},{"start": 234.204, "end": 238.364, "val": "gonna get you"},{"start": 241.194, "end": 243.072, "val": "tickle tickle tickle"}],"red":[{"start": 49.179, "end": 49.614, "val": "vocalization"},{"start": 55.967, "end": 56.275, "val": "vocalization"},{"start": 58.975, "end": 59.643, "val": "vocalization"},{"start": 60.38, "end": 61.485, "val": "vocalization"},{"start": 72.591, "end": 73.45, "val": "vocalization"},{"start": 115.709, "end": 116.5, "val": "verbalization"},{"start": 117.62, "end": 118.14, "val": "vocalization"},{"start": 119.772, "end": 120.725, "val": "verbalization"},{"start": 123.084, "end": 123.622, "val": "vocalization"},{"start": 137.708, "end": 138.257, "val": "vocalization"},{"start": 146.075, "end": 146.6, "val": "vocalization"},{"start": 147.949, "end": 148.307, "val": "vocalization"},{"start": 149.923, "end": 150.302, "val": "vocalization"},{"start": 154.087, "end": 154.536, "val": "vocalization"},{"start": 155.015, "end": 156.108, "val": "vocalization"},{"start": 156.737, "end": 157.207, "val": "vocalization"},{"start": 158.922, "end": 159.174, "val": "vocalization"},{"start": 160.009, "end": 160.401, "val": "vocalization"},{"start": 165.4, "end": 166.116, "val": "vocalization"},{"start": 166.792, "end": 167.341, "val": "vocalization"},{"start": 174.19, "end": 174.61, "val": "vocalization"},{"start": 178.132, "end": 178.912, "val": "vocalization"},{"start": 179.202, "end": 180.602, "val": "vocalization"},{"start": 182.28, "end": 182.662, "val": "vocalization"},{"start": 184.259, "end": 184.686, "val": "vocalization"},{"start": 187.268, "end": 187.751, "val": "vocalization"},{"start": 203.636, "end": 204.109, "val": "vocalization"},{"start": 236.851, "end": 239.141, "val": "vocalization"}],"green":[{"start": 53.32, "end": 57.425, "val": "reach"},{"start": 65.643, "end": 70.019, "val": "reach"},{"start": 80.842, "end": 84.104, "val": "reach"},{"start": 118.584, "end": 124.066, "val": "reach"},{"start": 145.173, "end": 146.793, "val": "point"},{"start": 183.882, "end": 184.96, "val": "point"},{"start": 186.723, "end": 188.307, "val": "point"},{"start": 59.248, "end": 61.294, "val": "reach"},{"start": 70.153, "end": 73.387, "val": "reach"},{"start": 84.126, "end": 88.56, "val": "reach"},{"start": 104.524, "end": 107.326, "val": "reach"}],"socialbid":[{"start": 69.995, "end": 71.589, "val": "social__bid"},{"start": 83.908, "end": 84.743, "val": "social__bid"},{"start": 118.584, "end": 121.485, "val": "social__bid"},{"start": 147.949, "end": 148.307, "val": "social__bid"},{"start": 156.737, "end": 158.374, "val": "social__bid"},{"start": 174.19, "end": 175.623, "val": "social__bid"},{"start": 180.13, "end": 181.37, "val": "social__bid"},{"start": 183.882, "end": 186.179, "val": "social__bid"},{"start": 186.723, "end": 188.723, "val": "social__bid"},{"start": 189.497, "end": 191.431, "val": "social__bid"},{"start": 230.468, "end": 230.788, "val": "social__bid"},{"start": 236.348, "end": 238.098, "val": "social__bid"}],"child_ball":[0,0,0,0,0,0,0,0,0,0,0,0,0,0,0,0,0,0,0,0,0,0,0,0,0,0,0,0,0,0,0,0,0,0,0,0,0,0,0,0,0,0,0,0,0,0,0,0,0,0,0,0,0,0,0,0,0,0,0,0,0,0,0,0,0,0,0,0,0,0,0,0,1,1,1,1,1,1,1,1,0,0,0,1,1,1,1,1,1,1,1,1,1,1,1,1,1,1,1,1,1,1,1,1,1,1,1,1,1,1,1,1,1,1,1,1,1,1,1,0,0,0,0,0,0,0,0,0,0,0,0,0,0,0,0,0,0,0,1,1,1,1,1,1,0,0,0,0,0,0,0,0,0,0,0,0,0,0,0,0,0,0,0,0,0,0,0,0,0,0,0,0,0,0,0,0,0,0,0,0,0,0,0,0,0,0,0,0,0,0,0,0,0,1,1,1,1,1,0,0,0,0,0,0,0,0,0,0,1,1,1,1,1,1,1,1,1,1,1,1,1,1,1,1,1,0,0,0,0,0,0,0,0,0,1,1,1,0,0,0,0,0,0,0,0,1,1,1,1,1,1,1,1,0,0,0,0,0,0,0,0,0,0,0,0,0,0,0,0,0,0,0,0,0,0,0,0,0,0,0,0,0,0,0,0,0,0,0,0,0,0,0,0,0,0,0,0,0,0,0,0,0,0,0,0,0,0,0,0,0,0,0,0,0,0,0,0,0,0,0,0,0,0,0,0,0,0,0,0,0,0,0,0,0,0,0,0,0,0,0,0,0,0,0,0,0,0,0,0,0,0,0,0,1,1,1,1,1,1,1,1,1,1,1,0,0,0,0,0,0,0,0,0,0,0,0,0,0,0,0,0,0,1,1,1,1,1,1,1,1,1,1,1,0,0,0,0,0,0,0,0,0,0,0,0,0,0,0,0,0,0,0,0,0,0,0,0,0,0,0,0,0,0,0,0,0,0,0,0,0,0,0,0,0,0,0,0,0,0,0,0,0,0,0,0,0,0,0,0,0,0,0,0,0,0,0,0,0,0,0,0,0,0,0,0,0,0,0,0,0,0,0,0,0,0,0,0,0,0,0,0,0,0,0,0,0,0,0,0,0,0,0,0,0,0,0,0,0,0,0,0,0,0,0,0,0,0,0,0,0,0,0,0,0,0,0,0,0,0,0,0,0,0,0,0,0,0,0,0,0,0,0,0,0,0,0,0,0,0,0,0,0,0,0,0,0,0,0,0,0,0,0,0,0,0,0,0,0,0,0,0,0,0,0,0,0,0,0,0,0,0,0,0,0,0,0,0,0,0,0,0,0,0,0,0,0,0,0,0,0,0,1,1,1,1,1,1,1,1,1,1,1,0,0,0,0,0,0,0,0,0,0,0,0,0,0,0,0,0,0,0,0,0,0,0,0,0,0,0,0,0,0,0,0,0,0,0,0,0,0,0,0,0,0,0,0,0,0,0,0,0,0,0,0,0,0,0,0,0,0,0,0,0,0,0,0,0,0,0,0,0,0,0,0,0,0,0,0,0,0,0,0,0,0,0,0,0,0,0,0,0,0,0,0,0,0,0,0,0,0,0,0,0,0,0,0,0,0,0,0,0,0,0,0,0,0,0,0,0,0,0,0,0,0,0,0,0,0,0,0,0,0,0,0,0,0,0,0,0,0,0,0,0,0,0,0,0,0,0,0,0,0,0,0,0,0,0,0,0,0,0,0,0,0,0,0,0,0,0,0,0,0,0,0,0,0,0,0,0,0,0,0,0,0,0,0,0,0,0,0,0,0,0,0,0,0,0,0,0,0,0,0,0,0,0,0,0,0,0,0,0,0,0,0,0,0,0,0,0,0,0,0,0,0,0,0,0,0,0,0,0,0,0,0,0,0,0,0,0,0,0,0,0,0,0,0,0,0,0,0,0,0,0,0,0,0,0,0,0,0,0,0,0,0,0,0,0,0,0,0,0,0,0,0,0,0,0,0,0,0,0,0,0,0,0,0,0,0,0,0,0,0,0,0,0,0,0,0,0,0,0,0,0,0,0,0,0,0,0,0,0,0,0,0,0,0,0,0,0,0,0,0,0,0,0,0,0,0,0,0,0,0,0,0,0,0,0,0,0,0,0,0,0,0,0,0,0,0,0,0,0,0,0,0,0,0,0,0,0,0,0,0,0,0,0,0,0,0,0,0,0,0,0,0,0,0,0,0,0,0,0,0,0,0,0,0,0,0,0,0,0,0,0,0,0,0,0,0,0,0,0,0,0,0,0,0,0,0,0,0,0,0,0,0,0,0,0,0,0,0,0,0,0,0,0,0,0,0,0,0,0,0,0,0,0,0,0,0,0,0,0,0,0,0,0,0,0,0,0,0,0,0,0,0,0,0,0,0,0,0,0,0,0,0,0,0,0,0,0,0,0,0,0,0,0,0,0,0,0,0,0,0,0,0,0,0,0,0,0,0,0,0,0,0,0,0,0,0,0,0,0,0,0,0,0,0,0,0,0,0,0,0,0,0,0,0,0,0,0,0,0,0,0,0,0,0,0,0,0,0,0,0,0,0,0,0,0,0,0,0,0,0,0,0,0,0,0,0,0,0,0,0,0,0,0,0,0,0,0,0,0,0,0,0,0,0,0,0,0,0,0,0,0,0,0,0,0,0,0,0,0,0,0,0,0,0,0,0,0,0,0,0,0,0,0,0,0,0,0,0,0,0,0,0,0,0,0,0,0,0,0,0,0,0,0,0,0,0,0,0,0,0,0,0,0,0,0,0,0,0,0,0,0,0,0,0,0,0,0,0,0,0,0,0,0,0,0,0,0,0,0,0,0,0,0,0,0,0,0,0,0,0,0,0,0,0,0,0,0,0,0,0,0,0,0,0,0,0,0,0,0,0,0,0,0,0,0,0,0,0,0,0,0,0,0,0,0,0,0,0,0,0,0,0,0,0,0,0,0,0,0,0,0,0,0,0,0,0,0,0,0,0,0,0,0,0,0,0,0,0,0,0,0,0,0,0,0,0,0,0,0,0,0,0,0,0,0,0,0,0,0,0,0,0,0,0,0,0,0,0,0,0,0,0,0,0,0,0,0,0,0,0,0,0,0,0,0,0,0,0,0,0,0,0,0,0,0,0,0,0,0,0,0,0,0,0,0,0,0,0,0,0,0,0,0,0,0,0,0,0,0,0,0,0,0,0,0,0,0,0,0,0,0,0,0,0,0,0,0,0,0,0,0,0,0,0,0,0,0,0,0,0,0,0,0,0,0,0,0,0,0,0,0,0,0,0,0,0,0,0,0,0,0,0,0,0,0,0,0,0,0,0,0,0,0,0,0,0,0,0,0,0,0,0,0,0,0,0,0,0,0,0,0,0,0,0,0,0,0,0,0,0,0,0,0,0,0,0,0,0,0,0,0,0,0,0,0,0,0,0,0,0,0,0,0,0,0,0,0,0,0,0,0,0,0,0,0,0,0,0,0,0,0,0,0,0,0,0,0,0,0,0,0,0,0,0,0,0,0,0,0,0,0,0,0,0,0,0,0,0,0,0,0,0,0,0,0,0,0,0,0,0,0,0,0,0,0,0,0,0,0,0,0,0,0,0,0,0,0,0,0,0,0,0,0,0,0,0,0,0,0,0,0,0,0,0,0,0,0,0,0,0,0,0,0,0,0,0,0,0,0,0,0,0,0,0,0,0,0,0,0,0,0,0,0,0,0,0,0,0,0,0,0,0,0,0,0,0,0,0,0,0,0,0,0,0,0,0,0,0,0,0,0,0,0,0,0,0,0,0,0,0,0,0,0,0,0,0,0,0,0,0,0,0,0,0,0,0,0,0,0,0,0,0,0,0,0,0,0,0,0,0,0,0,0,0,0,0,0,0,0,0,0,0,0,0,0,0,0,0,0,0,0,0,0,0,0,0,0,0,0,0,0,0,0,0,0,0,0,0,0,0,0,0,0,0,0,0,0,0,0,0,0,0,0,0,0,0,0,0,0,0,0,0,0,0,0,0,0,0,0,0,0,0,0,0,0,0,0,0,0,0,0,0,0,0,0,0,0,0,0,0,0,0,0,0,0,0,0,0,0,0,0,0,0,0,0,0,0,0,0,0,0,0,0,0,0,0,0,0,0,0,0,0,0,0,0,0,0,0,0,0,0,0,0,0,0,0,0,0,0,0,0,0,0,0,0,0,0,0,0,0,0,0,0,0,0,0,0,0,0,0,0,0,0,0,0,0,0,0,0,0,0,0,0,0,0,0,0,0,0,0,0,0,0,0,0,0,0,0,0,0,0,0,0,0,0,0,0,0,0,0,0,0,0,0,0,0,0,0,0,0,0,0,0,0,0,0,0,0,0,0,0,0,0,0,0,0,0,0,0,0,0,0,0,0,0,0,0,0,0,0,0,0,0,0,0,0,0,0,0,0,0,0,0,0,0,0,0,0,0,0,0,0,0,0,0,0,0,0,0,0,0,0,0,0,0,0,0,0,0,0,0,0,0,0,0,0,0,0,0,0,0,0,0,0,0,0,0,0,0,0,0,0,0,0,0,0,0,0,0,0,0,0,0,0,0,0,0,0,0,0,0,0,0,0,0,0,0,0,0,0,0,0,0,0,0,0,0,0,0,0,0,0,0,0,0,0,0,0,0,0,0,0,0,0,0,0,0,0,0,0,0,0,0,0,0,0,0,0,0,0,0,0,0,0,0,0,0,0,0,0,0,0,0,0,0,0,0,0,0,0,0,0,0,0,0,0,0,0,0,0,0,0,0,0,0,0,0,0,0,0,0,0,0,0,0,0,0,0,0,0,0,0,0,0,0,0,0,0,0,0,0,0,0,0,0,0,0,0,0,0,0,0,0,0,0,0,0,0,0,0,0,0,0,0,0,0,0,0,0,0,0,0,0,0,0,0,0,0,0,0,0,0,0,0,0,0,0,0,0,0,0,0,0,0,0,0,0,0,0,0,0,0,0,0,0,0,0,0,0,0,0,0,0,0,0,0,0,0,0,0,0,0,0,0,0,0,0,0,0,0,0,0,0,0,0,0,0,0,0,0,0,0,0,0,0,0,0,0,0,0,0,0,0,0,0,0,0,0,0,0,0,0,0,0,0,0,0,0,0,0,0,0,0,0,0,0,0,0,0,0,0,0,0,0,0,0,0,0,0,0,0,0,0,0,0,0,0,0,0,0,0,0,0,0,0,0,0,0,0,0,0,0,0,0,0,0,0,0,0,0,0,0,0,0,0,0,0,0,0,0,0,0,0,0,0,0,0,0,0,0,0,0,0,0,0,0,0,0,0,0,0,0,0,0,0,0,0,0,0,0,0,0,0,0,0,0,0,0,0,0,0,0,0,0,0,0,0,0,0,0,0,0,0,0,0,0,0,0,0,0,0,0,0,0,0,0,0,0,0,0,0,0,0,0,0,0,0,0,0,0,0,0,0,0,0,0,0,0,0,0,0,0,0,0,0,0,0,0,0,0,0,0,0,0,0],"child_book":[0,0,0,0,0,0,0,0,0,0,0,0,0,0,0,0,0,0,0,0,0,0,0,0,0,0,0,0,0,0,0,0,0,0,0,0,0,0,0,0,0,0,0,0,0,0,0,0,0,0,0,0,0,0,0,0,0,0,0,0,0,0,0,0,0,0,0,0,0,0,0,0,0,0,0,0,0,0,0,0,0,0,0,0,0,0,0,0,0,0,0,0,0,0,0,0,0,0,0,0,0,0,0,0,0,0,0,0,0,0,0,0,0,0,0,0,0,0,0,0,0,0,0,0,0,0,0,0,0,0,0,0,0,0,0,0,0,0,0,0,0,0,0,0,0,0,0,0,0,0,0,0,0,0,0,0,0,0,0,0,0,0,0,0,0,0,0,0,0,0,0,0,0,0,0,0,0,0,0,0,0,0,0,0,0,0,0,0,0,0,0,0,0,0,0,0,0,0,0,0,0,0,0,0,0,0,0,0,0,0,0,0,0,0,0,0,0,0,0,0,0,0,0,0,0,0,0,0,0,0,0,0,0,0,0,0,0,0,0,0,0,0,0,0,0,0,0,0,0,0,0,0,0,0,0,0,0,0,0,0,0,0,0,0,0,0,0,0,0,0,0,0,0,0,0,0,0,0,0,0,0,0,0,0,0,0,0,0,0,0,0,0,0,0,0,0,0,0,0,0,0,0,0,0,0,0,0,0,0,0,0,0,0,0,0,0,0,0,0,0,0,0,0,0,0,0,0,0,0,0,0,0,0,0,0,0,0,0,0,0,0,0,0,0,0,0,0,0,0,0,0,0,0,0,0,0,0,0,0,0,0,0,0,0,0,0,0,0,0,0,0,0,0,0,0,0,0,0,0,0,0,0,0,0,0,0,0,0,0,0,0,0,0,0,0,0,0,0,0,0,0,0,0,0,0,0,0,0,0,0,0,0,0,0,0,0,0,0,0,0,0,0,0,0,0,0,0,0,0,0,0,0,0,0,0,0,0,0,0,0,0,0,0,0,0,0,0,0,0,0,0,0,0,0,0,0,0,0,0,0,0,0,0,0,0,0,0,0,0,0,0,0,0,0,0,0,0,0,0,0,0,0,0,0,0,0,0,0,0,0,0,0,0,0,0,0,0,0,0,0,0,0,0,0,0,0,0,0,0,0,0,0,0,0,0,0,0,0,0,0,0,0,0,0,0,0,0,0,0,0,0,0,0,0,0,0,0,0,0,0,0,0,0,0,0,0,0,0,0,0,0,0,0,0,0,0,0,0,0,0,0,0,0,0,0,0,0,0,0,0,0,0,0,0,0,0,0,0,0,0,0,0,0,0,0,0,0,0,0,0,0,0,0,0,0,0,0,0,0,0,0,0,0,0,0,0,0,0,0,0,0,0,0,0,0,0,0,0,0,0,0,0,0,0,0,0,0,0,0,0,0,0,0,0,0,0,0,0,0,0,0,0,0,0,0,0,0,0,0,0,0,0,0,0,0,0,0,0,0,0,0,0,0,0,0,0,0,0,0,0,0,0,0,0,0,0,0,0,0,0,0,0,0,0,0,0,0,0,0,0,0,0,0,0,0,0,0,0,0,0,0,0,0,0,0,0,0,0,0,0,0,0,0,0,0,0,0,0,0,0,0,0,0,0,0,0,0,0,0,0,0,0,0,0,1,1,1,1,1,1,1,1,1,1,1,1,1,1,1,1,1,1,1,1,1,1,1,1,1,1,0,0,0,0,0,0,0,0,0,1,1,1,1,1,1,1,1,1,1,1,1,1,1,1,1,1,1,1,1,1,1,1,1,1,1,1,1,1,1,1,1,1,1,1,1,1,1,1,1,1,1,1,1,1,1,1,1,1,1,1,1,1,1,1,1,1,1,1,1,0,0,0,0,0,0,0,0,0,0,0,0,0,0,0,0,0,0,0,1,1,1,1,1,1,1,1,1,1,1,1,1,1,1,1,1,1,1,1,1,1,1,1,1,1,1,1,1,1,1,1,1,1,1,1,1,1,1,1,1,1,1,1,1,1,1,1,1,1,1,1,1,1,1,1,1,1,1,1,1,1,1,1,1,1,1,1,1,1,1,1,1,1,0,0,0,0,0,0,0,0,0,0,0,0,0,0,0,0,0,0,0,0,0,0,0,0,0,0,0,0,0,0,0,0,0,0,0,0,0,0,1,1,1,1,1,1,1,1,1,1,1,0,0,0,0,0,0,0,0,0,0,0,0,0,1,1,1,1,1,1,1,1,1,0,0,0,0,0,0,0,1,1,1,1,1,1,1,1,1,1,1,1,1,1,1,0,0,0,0,0,0,0,0,0,0,0,0,0,0,0,0,0,0,0,0,0,0,0,0,0,0,0,0,0,0,1,1,1,1,1,1,1,1,1,1,1,1,1,1,1,1,1,1,1,1,1,1,1,1,1,1,1,1,1,1,1,1,1,1,1,1,1,1,1,1,1,1,1,1,1,1,1,1,1,1,1,1,1,1,1,1,1,1,1,1,1,1,1,1,1,1,1,1,1,1,1,1,1,1,1,1,1,1,0,0,0,0,0,0,0,0,0,0,0,0,0,0,0,1,1,1,1,1,1,1,1,1,1,1,1,1,1,1,1,1,1,1,1,1,1,1,1,1,1,1,1,1,1,1,1,1,1,1,1,1,1,1,1,1,1,1,1,1,1,1,1,1,1,1,1,1,1,1,1,1,1,1,1,1,1,1,1,1,1,1,1,1,1,1,1,1,1,1,1,1,1,1,1,1,1,1,1,1,1,1,1,1,1,1,1,1,1,1,1,1,1,1,1,1,1,1,1,1,1,1,1,1,1,1,1,1,1,1,1,1,1,1,1,1,1,1,1,1,1,1,1,1,1,1,1,1,1,1,1,1,1,1,1,1,1,1,1,1,1,1,1,1,0,0,0,0,0,0,0,0,0,0,0,0,0,0,0,0,0,0,0,0,0,0,0,1,1,1,1,1,1,1,1,1,1,1,1,1,1,1,1,1,1,1,1,1,1,1,1,1,1,1,1,1,1,1,1,1,1,1,1,1,1,1,1,1,1,0,0,0,0,0,0,0,0,0,0,0,0,0,0,0,0,0,0,0,0,0,0,0,0,0,0,0,0,0,0,0,0,0,1,1,1,1,1,1,1,1,1,1,1,1,1,1,1,0,0,0,0,0,0,0,0,0,0,0,0,0,0,0,0,1,1,1,1,1,1,1,1,1,1,1,1,1,1,1,0,0,0,0,0,0,0,0,0,0,0,1,1,1,1,1,1,1,1,1,1,1,1,1,0,0,0,0,0,0,0,0,0,0,0,0,0,0,1,1,1,1,1,1,1,1,1,1,1,1,1,1,1,0,0,0,0,0,0,0,0,0,0,0,0,0,0,0,0,0,0,0,0,0,0,0,0,0,0,0,0,0,0,0,0,0,0,0,0,0,0,0,0,0,0,0,0,0,0,0,0,0,0,0,0,0,0,0,0,0,0,0,0,0,0,0,0,0,0,0,0,0,0,0,0,0,0,0,0,0,0,0,0,0,0,0,0,1,1,1,1,1,1,1,1,1,1,1,1,1,0,0,0,0,0,0,0,0,0,0,0,0,0,0,0,0,0,0,0,0,0,0,0,0,0,0,0,0,0,0,0,0,0,0,0,0,0,0,0,0,0,0,0,0,0,0,0,0,0,0,0,0,0,0,0,0,0,0,0,0,0,0,0,0,0,0,0,0,0,0,0,0,0,0,0,0,0,0,0,0,0,0,0,0,0,0,0,0,0,0,0,0,0,0,0,0,0,0,0,0,0,0,0,0,0,0,0,0,0,0,0,0,0,0,0,0,0,0,0,0,0,0,0,0,0,0,0,0,0,0,0,0,0,0,0,0,0,0,0,0,0,0,0,0,0,0,0,0,0,0,0,0,0,0,0,0,0,0,0,0,0,0,0,0,0,0,0,0,0,0,0,0,0,0,0,0,0,0,0,0,0,0,0,0,0,0,0,0,0,0,0,0,0,0,0,0,0,0,0,0,0,0,0,0,0,0,0,0,0,0,0,0,0,0,0,0,0,0,0,0,0,0,0,0,0,0,0,0,0,0,0,0,0,0,0,0,0,0,0,0,0,0,0,0,0,0,0,0,0,0,0,0,0,0,0,0,0,0,0,0,0,0,0,0,0,0,0,0,0,0,0,0,0,0,0,0,0,0,0,0,0,0,0,0,0,0,0,0,0,0,0,0,0,0,0,0,0,0,0,0,0,0,0,0,0,0,0,0,0,0,0,0,0,0,0,0,0,0,0,0,0,0,0,0,0,0,0,0,0,0,0,0,0,0,0,0,0,0,0,0,0,0,0,0,0,0,0,0,0,0,0,0,0,0,0,0,0,0,0,0,0,0,0,0,0,0,0,0,0,0,0,0,0,0,0,0,0,0,0,0,0,0,0,0,0,0,0,0,0,0,0,0,0,0,0,0,0,0,0,0,0,0,0,0,0,0,0,0,0,0,0,0,0,0,0,0,0,0,0,0,0,0,0,0,0,0,0,0,0,0,0,0,0,0,0,0,0,0,0,0,0,0,0,0,0,0,0,0,0,0,0,0,0,0,0,0,0,0,0,0,0,0,0,0,0,0,0,0,0,0,0,0,0,0,0,0,0,0,0,0,0,0,0,0,0,0,0,0,0,0,0,0,0,0,0,0,0,0,0,0,0,0,0,0,0,0,0,0,0,0,0,0,0,0,0,0,0,0,0,0,0,0,0,0,0,0,0,0,0,0,0,0,0,0,0,0,0,0,0,0,0,0,0,0,0,0,0,0,0,0,0,0,0,0,0,0,0,0,0,0,0,0,0,0,0,0,0,0,0,0,0,0,0,0,0,0,0,0,0,0,0,0,0,0,0,0,0,0,0,0,0,0,0,0,0,0,0,0,0,0,0,0,0,0,0,0,0,0,0,0,0,0,0,0,0,0,0,0,0,0,0,0,0,0,0,0,0,0,0,0,0,0,0,0,0,0,0,0,0,0,0,0,0,0,0,0,0,0,0,0,0,0,0,0,0,0,0,0,0,0,0,0,0,0,0,0,0,0,0,0,0,0,0,0,0,0,0,0,0,0,0,0,0,0,0,0,0,0,0,0,0,0,0,0,0,0,0,0,0,0,0,0,0,0,0,0,0,0,0,0,0,0,0,0,0,0,0,0,0,0,0,0,0,0,0,0,0,0,0,0,0,0,0,0,0,0,0,0,0,0,0,0,0,0,0,0,0,0,0,0,0,0,0,0,0,0,0,0,0,0,0,0,0,0,0,0,0,0,0,0,0,0,0,0,0,0,0,0,0,0,0,0,0,0,0,0,0,0,0,0,0,0,0,0,0,0,0,0,0,0,0,0,0,0,0,0,0,0,0,0,0,0,0,0,0,0,0,0,0,0,0,0,0,0,0,0,0,0,0,0,0,0,0,0,0,0,0,0,0,0,0,0,0,0,0,0,0,0,0,0,0,0,0,0,0,0],"child_ex":[0,0,0,0,0,0,1,1,1,1,1,1,1,1,1,1,1,1,1,1,1,1,1,1,1,1,1,0,0,0,0,0,0,0,0,0,1,1,1,1,1,1,1,1,1,1,1,1,0,0,0,0,0,0,0,0,0,0,0,0,0,0,0,0,0,0,0,0,0,0,0,0,0,0,0,0,0,0,0,0,0,1,0,0,0,0,0,0,0,0,0,0,0,0,0,0,0,0,0,0,0,0,0,0,0,0,0,0,0,0,0,0,0,0,0,0,0,0,0,0,0,1,1,1,1,1,1,1,1,1,1,1,1,1,1,1,0,0,0,0,0,0,0,0,0,0,0,0,0,0,0,0,0,0,0,0,0,0,0,0,0,0,0,0,0,0,0,0,0,0,0,0,0,0,0,0,0,0,0,0,0,0,0,0,0,0,0,0,0,0,0,0,0,0,0,0,0,0,0,0,0,0,0,0,0,0,0,0,0,0,0,0,0,0,0,0,0,0,0,0,0,0,0,0,0,0,0,1,1,1,1,1,0,0,0,0,0,0,0,0,1,1,1,1,0,0,0,0,0,0,0,0,0,0,0,1,1,1,1,1,1,1,1,1,1,1,1,1,1,0,0,0,0,0,0,0,0,0,0,0,0,0,0,0,0,0,0,0,0,0,0,0,0,0,0,0,0,0,0,0,0,0,0,0,0,0,0,0,0,0,0,0,0,0,0,0,0,0,0,0,0,0,0,0,0,0,0,0,0,0,0,0,0,0,0,0,0,0,0,0,0,0,0,0,0,0,0,0,0,0,0,0,0,0,0,0,0,0,0,0,0,0,0,0,0,0,1,1,1,1,1,1,1,1,1,1,1,1,1,1,0,0,0,0,0,0,0,0,0,0,0,0,0,0,0,1,1,1,1,1,1,0,0,0,0,1,1,1,1,1,1,1,1,1,1,1,0,0,0,0,0,0,0,0,0,0,0,0,0,0,0,0,0,0,0,0,0,0,0,0,0,0,0,0,0,0,0,0,0,0,0,0,0,0,0,0,0,0,0,0,0,0,0,0,0,0,0,0,0,0,0,0,0,0,0,0,0,0,0,0,0,0,0,0,0,0,0,0,0,0,0,0,0,0,0,0,0,0,0,0,0,0,0,0,0,0,0,0,0,0,0,0,0,0,0,0,0,0,0,0,0,0,0,0,0,0,0,0,1,1,1,1,1,1,1,1,1,1,1,1,1,1,1,1,1,1,1,1,1,1,1,1,1,1,1,1,1,1,1,1,1,1,1,1,1,1,1,1,1,1,1,1,1,1,1,1,1,1,1,1,1,1,1,1,1,1,1,1,0,0,0,0,0,0,0,0,0,0,0,0,0,0,0,0,0,0,0,0,0,1,1,1,1,1,0,0,0,0,0,0,0,0,0,0,0,0,0,0,0,0,0,0,0,0,0,0,0,0,0,0,0,0,0,0,0,0,0,0,0,0,0,0,0,0,0,0,0,0,0,0,0,0,0,0,0,0,0,0,0,0,0,0,0,0,0,0,0,0,0,0,0,0,0,0,0,0,0,0,0,0,0,0,0,0,1,1,1,1,1,1,1,1,1,1,1,1,1,1,1,1,1,1,1,1,1,1,1,0,0,0,0,0,0,0,0,0,0,0,0,0,0,0,0,0,0,0,0,0,0,0,0,0,0,0,0,0,0,0,0,0,0,0,0,0,0,0,0,0,0,0,0,0,1,1,1,1,1,0,0,0,0,0,0,0,0,0,0,0,0,0,0,0,0,0,0,0,0,0,0,0,0,0,0,0,0,0,0,0,0,0,0,0,0,0,0,0,0,0,0,0,0,0,0,0,0,0,0,0,0,0,0,0,0,0,0,0,0,0,0,0,0,1,1,1,1,1,1,1,1,1,1,1,1,1,1,1,0,0,0,0,0,0,0,0,0,0,0,0,0,0,0,0,0,0,0,0,0,0,0,0,0,0,0,0,0,0,0,0,0,0,0,0,0,0,0,0,0,0,0,0,0,0,0,0,0,0,0,0,0,0,0,0,0,0,0,0,0,0,0,0,0,0,0,0,0,0,0,0,0,0,0,0,0,0,0,0,0,0,0,0,0,0,0,0,0,0,0,0,0,0,0,0,0,0,0,0,0,0,0,0,0,0,0,0,0,0,0,0,0,0,0,0,0,0,0,0,0,0,0,0,0,0,1,1,1,1,1,1,1,1,1,1,0,0,0,0,0,0,0,0,0,0,0,0,1,1,1,1,0,0,0,0,0,0,0,0,0,0,0,0,0,0,0,0,0,0,0,1,1,1,1,1,1,1,1,1,1,1,1,1,1,1,1,1,1,1,1,1,1,1,1,1,1,0,0,0,0,0,0,0,0,0,0,0,0,0,0,0,0,0,0,0,0,0,0,0,0,0,0,0,0,0,0,0,0,0,0,0,0,0,0,0,0,0,0,0,0,0,0,0,0,0,0,0,0,0,0,0,0,0,0,0,0,0,0,0,0,0,0,0,0,0,0,0,0,0,0,0,0,0,0,0,0,0,0,1,1,1,1,1,1,1,1,1,1,1,0,0,0,0,0,0,0,0,0,0,0,0,0,0,0,0,0,0,0,0,0,0,0,0,0,0,0,0,0,0,0,0,0,0,0,0,0,0,0,0,0,0,0,0,0,0,0,0,0,0,0,0,0,0,0,0,0,0,0,0,0,0,0,0,0,0,0,0,0,0,0,0,0,0,0,0,0,0,0,0,0,0,0,0,0,0,0,0,0,0,0,0,0,0,0,0,0,0,0,0,0,0,0,0,0,0,0,0,0,0,0,0,0,0,0,0,0,0,0,0,0,0,0,0,0,0,0,0,0,0,0,0,0,0,0,0,0,0,0,0,0,0,0,0,0,0,0,0,0,0,0,0,0,1,1,1,1,1,1,1,1,1,1,1,1,1,1,1,1,1,1,1,1,0,0,0,0,0,0,0,0,0,0,0,0,0,0,0,0,0,0,0,0,0,0,0,0,0,0,0,0,0,0,0,0,0,0,0,0,0,0,0,0,0,0,0,0,0,0,1,1,1,1,1,1,1,1,1,1,1,1,0,0,0,0,0,0,0,0,0,0,0,0,0,0,0,0,0,0,0,0,0,0,0,0,0,0,0,0,0,0,0,0,0,0,0,1,1,1,1,1,1,1,1,1,1,1,1,0,0,0,0,0,0,0,0,0,0,0,0,0,0,0,0,0,0,1,1,1,1,1,1,1,1,0,0,0,0,0,0,0,0,0,0,0,0,0,0,0,0,0,0,1,1,1,1,1,1,1,1,1,0,0,0,0,0,0,0,0,0,0,0,0,0,0,0,0,0,0,0,0,0,0,0,0,0,1,1,1,1,1,1,1,1,1,1,1,1,1,1,1,1,1,1,1,1,1,1,1,1,1,1,1,1,0,0,0,0,0,0,0,0,0,1,1,1,1,1,1,1,1,1,1,1,1,1,1,1,1,1,1,1,1,1,1,1,1,1,1,1,1,1,1,1,1,1,1,1,1,1,0,0,0,0,0,0,0,0,0,0,0,0,0,0,0,0,0,0,0,0,0,0,0,0,0,1,1,1,1,1,1,1,1,1,1,1,1,1,1,0,0,0,0,0,0,0,0,0,0,0,0,0,0,0,0,0,0,0,1,1,1,1,1,1,1,1,1,1,1,0,0,0,0,0,0,0,0,0,1,1,1,1,1,1,1,1,1,1,1,0,0,0,0,0,0,0,1,1,1,1,0,0,0,0,0,0,0,0,0,1,1,1,1,1,1,1,1,1,1,1,0,0,0,0,0,0,0,0,0,0,0,0,0,0,0,0,0,0,0,0,0,0,0,0,1,1,0,0,0,0,0,0,0,0,0,0,0,0,0,0,0,0,0,0,0,0,0,0,0,0,1,1,1,1,0,0,0,0,0,0,0,0,0,0,0,0,0,0,0,0,0,0,0,0,0,0,0,0,0,0,0,0,0,0,0,0,0,0,0,0,0,0,0,0,0,0,0,0,0,0,0,0,0,0,0,0,0,0,0,0,0,0,0,0,0,0,0,0,0,0,0,0,0,0,0,0,0,0,0,0,0,0,0,0,0,0,0,0,0,0,0,0,0,0,0,0,0,0,0,0,0,0,0,0,0,0,0,0,0,0,0,0,0,0,0,0,0,0,0,0,0,0,1,1,1,0,0,0,0,0,0,0,0,0,0,0,0,0,0,0,0,0,0,0,0,0,0,0,0,0,0,0,0,0,0,0,0,0,0,1,1,1,1,1,1,0,0,0,0,0,0,0,0,0,0,0,0,0,0,0,0,1,1,1,1,1,1,1,1,1,1,1,1,1,1,1,0,0,0,0,0,0,0,0,0,0,0,0,0,0,0,0,0,0,0,0,0,0,0,0,0,0,0,1,1,1,1,0,0,0,0,0,0,0,0,0,0,0,0,0,0,0,0,0,0,0,0,0,0,0,0,0,0,0,0,0,0,0,0,0,0,0,0,0,0,0,0,0,0,0,0,0,0,0,0,0,0,0,0,0,0,0,0,0,0,0,0,0,0,0,0,0,0,0,0,0,0,0,0,0,0,0,0,0,0,0,0,0,0,0,0,0,0,0,0,0,0,0,0,0,0,0,0,0,0,0,0,0,0,0,0,0,0,0,0,0,0,0,0,0,0,0,0,0,0,0,0,0,0,0,0,0,0,0,0,0,0,0,0,0,0,0,0,0,0,0,0,0,0,0,0,0,0,0,0,0,0,0,0,0,0,0,0,0,0,0,0,0,0,0,0,0,0,0,0,0,0,0,0,0,0,0,0,0,0,0,0,0,0,0,0,0,0,0,0,0,0,0,0,0,0,0,0,0,0,0,0,0,0,0,0,0,0,0,0,0,0,0,0,0,0,0,0,0,0,0,0,0,0,0,0,0,0,0,0,0,0,0,0,0,0,0,0,0,0,0,0,0,0,0,0,0,0,0,0,0,0,0,0,0,0,0,0,0,0,0,0,0,0,0,0,0,0,0,0,0,0,0,0,0,0,0,0,0,0,0,0,0,0,0,0,0,0,0,0,0,0,0,0,0,0,0,0,0,0,0,0,0,0,0,0,0,0,0,0,0,0,0,0,0,0,0,0,0,0,0,0,0,0,0,0,0,0,0,0,0,0,0,0,0,0,0,0,0,0,0,0,0,0,0,0,0,0,0,0,0,0,0,0,0,0,1,1,1,1,1,1,1,1,1,1,1,1,1,1,1,1,1,1,1,1,1,1,1,1,1,1,1,1,1,1,1,1,1,1,1,1,0,0,0,0,0,0,0,0,0,0,0,0,0,0,0,0,0,0,0,0,0,0,0,0,0,0,0,0,0,0,0,0,0,0,0,0,0,0,0,0,0,0,0,0,0,0,0,0,0,0,0,0,0,0,0,0,0,0,0,0,0,0,0,0,0,0,0,0,0,0,0,0,0,0,1,1,1,1,1,1,1,1,0,0],"examiner_child":[1,1,1,1,1,1,1,1,1,1,1,1,1,1,1,1,1,1,1,1,1,1,1,1,1,1,1,1,1,1,1,1,1,1,1,1,1,1,1,1,1,1,1,1,1,1,1,1,1,1,0,0,0,0,0,0,0,0,0,0,0,0,0,0,0,0,0,0,1,1,1,1,1,1,1,1,1,1,1,1,1,1,1,1,1,1,1,1,1,1,1,1,1,1,1,1,1,1,1,1,1,1,1,1,1,1,1,1,1,1,1,1,1,1,1,1,1,1,1,1,1,1,1,1,1,1,1,1,1,1,1,1,1,1,0,0,0,0,0,0,0,0,1,1,1,1,1,1,1,1,1,1,1,1,1,1,1,1,0,0,0,0,0,0,0,0,0,0,0,0,0,0,0,0,0,0,0,0,0,0,0,0,0,0,0,0,0,0,0,0,0,0,0,0,0,0,0,0,0,0,0,0,0,0,0,0,0,0,0,0,0,0,0,0,0,0,0,0,1,1,1,1,1,1,1,1,1,1,1,1,1,1,1,1,1,1,1,1,1,1,1,1,1,1,1,1,0,0,0,0,0,0,0,0,0,0,1,1,1,1,1,1,0,0,0,1,1,0,0,0,1,1,1,1,1,1,1,1,1,0,0,0,0,0,0,0,0,0,0,0,0,0,0,0,0,0,0,0,0,0,0,0,0,0,0,0,0,0,0,0,0,0,0,0,0,0,0,0,0,0,0,0,0,0,0,0,0,0,0,0,0,0,0,0,0,0,0,0,0,0,0,0,0,0,0,0,0,0,0,0,0,0,0,0,0,0,0,0,0,0,0,0,0,0,0,1,1,1,1,1,1,1,1,1,1,1,1,1,1,1,1,0,0,0,0,0,1,1,1,1,1,1,1,1,1,1,1,1,1,1,1,1,1,1,1,0,1,1,1,1,1,1,1,0,0,0,1,1,1,1,1,1,1,1,0,0,0,0,0,1,1,1,1,1,1,1,1,1,1,1,0,0,0,0,0,0,0,0,0,0,0,0,0,0,0,0,0,0,0,0,0,0,0,0,0,0,0,0,0,0,0,0,0,0,0,0,0,0,0,0,0,0,0,0,0,0,0,0,0,0,0,0,0,0,0,0,0,0,0,0,0,0,0,0,0,0,0,0,0,0,0,0,0,0,1,1,1,1,1,1,1,1,1,1,1,1,1,1,1,1,1,1,1,1,1,1,1,1,1,1,1,1,1,1,1,1,1,1,1,1,1,1,1,1,1,1,1,1,1,1,1,1,1,1,1,1,1,1,1,1,1,1,1,1,1,1,1,1,1,1,1,1,1,1,1,1,1,1,1,1,1,1,1,1,1,1,1,1,1,1,1,1,0,0,0,0,0,0,1,1,1,1,1,1,1,1,0,0,0,0,0,0,0,0,0,0,0,0,0,0,0,0,0,0,0,0,0,0,0,0,0,0,0,0,0,0,0,0,0,0,0,0,0,0,0,0,0,0,0,0,0,0,0,0,0,0,0,0,0,0,0,0,0,0,0,0,0,0,0,0,0,0,0,0,0,0,0,0,0,0,0,0,0,0,0,0,0,0,0,0,0,0,0,0,0,0,0,0,0,0,0,0,0,0,0,0,0,0,0,0,0,0,0,0,0,0,0,0,0,0,0,0,1,1,1,1,1,1,1,1,1,1,1,1,1,1,1,1,1,1,1,1,1,1,1,1,1,1,1,1,1,1,1,1,1,1,1,1,1,1,1,1,0,0,0,0,0,0,0,0,0,0,0,0,0,0,0,0,0,0,0,0,0,0,0,0,0,0,0,0,0,0,1,1,1,0,0,0,0,1,1,1,1,1,1,0,0,0,0,0,0,0,0,0,0,0,0,0,0,0,0,0,0,1,1,1,1,1,1,0,0,0,0,0,1,1,1,1,1,0,0,0,0,0,0,0,0,0,0,0,0,0,0,0,0,1,1,0,0,0,0,0,0,0,1,0,0,0,0,0,0,0,0,0,0,0,0,0,0,0,0,0,0,0,0,0,0,1,1,0,0,0,0,0,0,0,1,1,1,0,0,0,0,0,0,0,0,0,0,0,0,0,0,0,0,1,1,1,0,1,1,1,1,1,1,1,1,1,0,0,0,0,0,0,0,0,0,0,0,0,0,0,1,1,1,0,0,0,0,1,1,1,1,1,1,1,1,0,0,0,1,1,1,1,1,1,1,1,1,1,1,1,1,1,1,1,0,0,0,1,1,1,1,1,1,1,1,1,1,1,1,0,0,0,0,0,0,0,0,0,0,0,0,0,0,0,0,0,0,1,1,1,1,1,1,1,1,0,0,0,1,1,1,1,1,1,1,1,1,1,1,1,1,1,1,1,0,0,0,0,0,1,1,1,1,1,1,1,1,1,1,1,1,1,1,1,1,1,1,1,1,1,1,0,0,0,0,0,0,1,1,1,1,1,0,0,0,0,0,0,0,1,1,1,1,1,1,1,1,1,1,1,1,1,1,1,0,0,0,0,0,1,1,1,1,1,1,1,1,1,1,1,1,1,1,1,1,1,1,1,1,1,1,1,1,1,1,1,1,1,1,1,1,1,1,1,1,1,1,1,1,1,1,1,1,1,1,1,1,1,1,1,1,1,1,1,1,0,0,0,0,0,0,0,0,0,0,0,0,0,0,0,0,0,0,0,0,0,1,1,1,1,1,0,0,0,1,1,0,0,0,0,1,1,1,1,1,1,1,1,1,1,1,1,0,0,0,0,0,0,0,0,0,0,0,1,1,0,0,0,0,1,1,1,1,1,0,0,0,1,1,1,1,1,1,1,1,1,0,0,0,0,0,0,0,0,0,0,0,0,0,0,0,0,0,0,1,0,0,0,0,0,0,1,0,0,0,0,0,0,0,0,0,0,0,1,1,1,1,1,1,1,1,1,1,1,1,1,1,1,1,1,1,1,1,0,0,0,0,0,0,0,0,1,1,1,1,1,1,1,1,1,1,1,0,0,0,0,0,0,0,0,1,1,1,1,0,0,0,1,1,1,1,1,1,1,1,1,1,1,1,1,1,1,1,1,1,1,1,1,1,1,0,0,0,0,0,1,1,1,1,1,0,0,0,0,0,0,0,0,0,0,0,0,0,0,0,0,0,0,0,0,0,0,0,0,0,1,1,1,1,1,1,0,1,1,1,1,1,1,0,0,0,0,0,1,1,1,1,1,1,1,1,0,0,0,0,0,0,0,0,0,1,1,1,1,1,1,1,1,1,1,1,1,1,1,1,1,1,1,1,1,1,1,1,1,1,1,1,1,1,1,0,0,0,0,0,0,0,0,0,1,1,1,0,0,0,0,0,0,1,1,1,1,1,0,1,1,1,1,1,1,1,1,1,1,1,1,1,1,1,1,1,1,1,1,1,1,1,1,1,1,1,1,1,1,1,1,1,1,1,1,1,1,1,1,1,1,1,1,1,1,1,1,1,1,1,1,1,1,1,1,1,1,1,1,1,1,1,1,1,1,1,1,1,1,1,1,1,1,1,1,1,1,1,1,1,1,1,1,1,1,1,1,1,1,0,0,0,0,0,0,0,0,0,0,0,0,0,0,0,0,0,0,0,0,0,1,1,1,1,1,1,1,1,1,1,1,1,1,1,1,1,1,1,1,1,1,1,1,1,1,1,1,1,1,1,1,1,1,1,1,1,1,1,1,1,1,1,1,1,1,1,1,1,1,1,1,1,1,1,1,1,1,1,1,1,1,1,1,1,1,1,1,1,1,1,1,1,1,1,1,1,1,1,1,1,1,1,1,1,1,1,1,1,1,1,1,1,1,1,1,1,1,1,1,1,1,1,1,1,1,1,1,1,1,1,1,1,1,1,1,1,1,1,1,1,1,1,1,1,1,1,1,1,1,1,1,1,1,1,1,1,1,1,1,1,1,1,1,1,1,1,1,1,1,1,1,1,1,1,1,1,1,1,1,1,1,1,1,1,1,1,1,1,1,1,1,1,1,1,1,1,0,0,0,0,0,0,0,0,0,0,0,0,0,0,0,0,0,0,0,0,0,0,0,0,0,0,0,0,0,0,0,0,1,1,1,1,1,1,1,1,1,1,1,1,1,1,1,1,1,1,1,1,1,1,1,1,1,1,1,1,1,1,1,1,1,1,1,1,1,1,1,1,1,1,1,1,1,1,1,1,1,1,1,1,1,1,1,1,1,1,1,1,1,1,1,1,1,1,1,1,1,1,1,1,1,1,1,1,1,1,1,1,1,1,1,1,1,1,1,1,1,1,1,1,1,1,1,1,1,1,1,1,1,1,1,1,1,1,1,1,1,1,1,1,1,1,1,1,1,1,1,1,1,1,1,1,1,1,1,1,1,1,1,1,1,1,1,1,1,1,1,1,1,1,1,1,1,1,1,1,1,1,1,1,1,1,1,1,1,1,1,1,1,1,1,1,1,1,1,1,1,1,1,1,1,1,1,1,1,1,1,1,1,0,0,0,0,0,0,0,0,0,0,0,0,0,0,0,0,0,0,0,0,0,0,0,0,0,0,0,0,0,0,0,0,0,0,0,0,0,0,0,0,0,0,0,0,0,0,0,0,0,0,0,0,0,0,0,0,0,0,0,0,0,0,0,0,0,0,0,0,0,0,0,0,0,0,0,0,0,0,0,0,0,0,0,0,0,0,0,0,0,0,0,0,0,0,0,0,0,0,0,0,0,0,0,0,0,0,0,0,0,0,0,0,0,0,0,0,0,0,0,0,0,0,0,0,0,0,0,0,0,0,0,0,0,0,0,0,0,0,0,0,0,0,0,0,0,0,0,0,0,0,0,0,0,0,0,0,0,0,0,0,0,0,0,0,0,0,0,0,0,0,0,0,0,0,0,0,0,0,0,0,0,0,0,0,0,0,0,0,0,0,0,0,0,0,0,0,0,0,0,0,0,0,0,0,0,0,0,0,0,0,0,0,0,0,0,0,0,0,0,0,0,0,0,0,0,0,0,0,0,0,0,0,0,0,0,0,0,0,0,0,0,0,0,0,0,0,0,0,0,0,0,0,0,0,0,0,0,0,0,0,0,0,0,0,0,0,0,0,0,0,0,0,0,0,0,0,0,0,0,0,0,0,0,0,0,0,0,0,0,0,0,0,0,0,0,0,0,0,0,0,0,0,0,0,0,0,0,0,0,0,0,0,0,0,0,0,0,0,0,0,0,0,0,0,0,0,0,0,0,0,0,0,0,0,0,0,0,0,0,0,0,0,0,0,0,0,0,0,0,0,0,0,0,0,0,0,0,0,0,0,0,0,0,0,0,0,0,0,0,0,0,0,0,0,0,0,0,0,0,0,0,0,0,0,0,0,0,0,0,0,0,0,0,0,0,0,0,0,0,0,0,0,0,0,0,0,0,0,0,0,0,0,0,0,0,0,0,0,0,0,0,0,0,0,0,0,0,0,0,0,0,0,0,0,0,0,0,0,0,0,0,0,0,0,0,0,0,0,0,0,0],"examiner_ball":[0,0,0,0,0,0,0,0,0,0,0,0,0,0,0,0,0,0,0,0,0,0,0,0,0,0,0,0,0,0,0,0,0,0,0,0,0,0,0,0,0,0,0,0,0,0,0,0,0,0,0,0,0,0,0,0,0,0,0,0,0,0,0,0,0,0,0,0,0,0,0,0,0,0,0,0,0,0,0,0,0,0,0,0,0,0,0,0,0,0,0,0,0,0,0,0,0,0,0,0,0,0,0,0,0,0,0,0,0,0,0,0,0,0,0,0,0,0,0,0,0,0,0,0,0,0,0,0,0,0,0,0,0,0,1,1,1,1,1,1,1,0,0,0,0,0,0,0,0,0,0,0,0,0,0,0,0,0,0,0,0,0,0,0,0,0,0,0,0,0,0,0,0,0,0,0,0,0,0,0,0,0,0,0,0,0,0,0,0,0,0,0,0,0,0,0,0,0,0,0,0,0,0,0,0,0,0,0,0,0,0,0,0,0,0,0,0,0,0,0,0,0,0,0,0,0,0,0,0,0,0,0,0,0,0,0,0,0,0,0,0,0,0,0,0,0,0,1,1,1,1,1,1,1,1,0,0,0,0,0,0,0,1,1,0,0,0,0,1,0,0,0,0,0,0,0,0,0,0,0,0,0,0,0,0,0,0,0,0,0,0,0,0,0,0,0,0,0,0,0,0,0,0,0,0,0,0,0,0,0,0,0,0,0,0,0,0,0,0,0,0,0,0,0,0,0,0,0,0,0,0,0,0,0,0,0,0,0,0,0,0,0,0,0,0,0,0,0,0,0,0,0,0,0,0,0,0,0,0,0,0,0,0,0,0,0,0,0,0,0,0,0,0,0,0,0,0,0,0,0,0,0,1,1,1,0,0,0,0,0,0,0,0,0,0,0,0,0,0,0,0,0,0,0,0,0,0,0,0,0,0,0,0,0,1,1,0,0,0,0,0,0,0,0,0,1,1,1,0,0,0,0,0,0,0,0,0,0,0,0,0,0,0,0,0,0,0,0,0,0,0,0,0,0,0,0,0,0,0,0,0,0,0,0,0,0,0,0,0,0,0,0,0,0,0,0,0,0,0,0,0,0,0,0,0,0,0,0,0,0,0,0,0,0,0,0,0,0,0,0,0,0,0,0,0,0,0,0,0,0,0,0,0,0,0,0,0,0,0,0,0,0,0,0,0,0,0,0,0,0,0,0,0,0,0,0,0,0,0,0,0,0,0,0,0,0,0,0,0,0,0,0,0,0,0,0,0,0,0,0,0,0,0,0,0,0,0,0,0,0,0,0,0,0,0,0,0,0,0,0,0,0,0,0,0,0,0,0,0,0,0,0,0,0,0,0,0,0,0,0,0,0,0,1,1,1,1,0,0,0,0,0,0,0,0,0,0,1,1,1,1,1,1,0,0,0,0,0,0,0,0,0,0,0,0,0,0,0,0,0,0,0,0,0,0,0,0,0,0,0,0,0,0,0,0,0,0,0,0,0,0,0,0,0,0,0,0,0,0,0,0,0,0,0,0,0,0,0,0,0,0,0,0,0,0,0,0,0,0,0,0,0,0,0,0,0,0,0,0,0,0,0,0,0,0,0,0,0,0,0,0,0,0,0,0,0,0,0,0,0,0,0,0,0,0,0,0,0,0,0,0,0,0,0,0,0,0,0,0,0,0,0,0,0,0,0,0,0,0,0,0,0,0,0,0,0,0,0,0,0,0,0,0,0,0,0,0,0,0,0,0,0,0,0,0,0,0,0,0,0,0,0,0,0,0,0,0,0,0,0,0,0,0,0,0,0,0,0,0,0,0,0,0,0,0,0,0,0,0,0,0,0,0,0,0,0,0,0,0,0,0,0,0,0,0,0,0,0,0,0,0,0,0,0,0,0,0,0,0,0,0,0,0,0,0,0,0,0,0,0,0,0,0,0,0,0,0,0,0,0,0,0,0,0,0,0,0,0,0,0,0,0,0,0,0,0,0,0,0,0,0,0,0,0,0,0,0,0,0,0,0,0,0,0,0,0,0,0,0,0,0,0,0,0,0,0,0,0,0,0,0,0,0,0,0,0,0,0,0,0,0,0,0,0,0,0,0,0,0,0,0,0,0,0,0,0,0,0,0,0,0,0,0,0,0,0,0,0,0,0,0,0,0,0,0,0,0,0,0,0,0,0,0,0,0,0,0,0,0,0,0,0,0,0,0,0,0,0,0,0,0,0,0,0,0,0,0,0,0,0,0,0,0,0,0,0,0,0,0,0,0,0,0,0,0,0,0,0,0,0,0,0,0,0,0,0,0,0,0,0,0,0,0,0,0,0,0,0,0,0,0,0,0,0,0,0,0,0,0,0,0,0,0,0,0,0,0,0,0,0,0,0,0,0,0,0,0,0,0,0,0,0,0,0,0,0,0,0,0,0,0,0,0,0,0,0,0,0,0,0,0,0,0,0,0,0,0,0,0,0,0,0,0,0,0,0,0,0,0,0,0,0,0,0,0,0,0,0,0,0,0,0,0,0,0,0,0,0,0,0,0,0,0,0,0,0,0,0,0,0,0,0,0,0,0,0,0,0,0,0,0,0,0,0,0,0,0,0,0,0,0,0,0,0,0,0,0,0,0,0,0,0,0,0,0,0,0,0,0,0,0,0,0,0,0,0,0,0,0,0,0,0,0,0,0,0,0,0,0,0,0,0,0,0,0,0,0,0,0,0,0,0,0,0,0,0,0,0,0,0,0,0,0,0,0,0,0,0,0,0,0,0,0,0,0,0,0,0,0,0,0,0,0,0,0,0,0,0,0,0,0,0,0,0,0,0,0,0,0,0,0,0,0,0,0,0,0,0,0,0,0,0,0,0,0,0,0,0,0,0,0,0,0,0,0,0,0,0,0,0,0,0,0,0,0,0,0,0,0,0,0,0,0,0,0,0,0,0,0,0,0,0,0,0,0,0,0,0,0,0,0,0,0,0,0,0,0,0,0,0,0,0,0,0,0,0,0,0,0,0,0,0,0,0,0,0,0,0,0,0,0,0,0,0,0,0,0,0,0,0,0,0,0,0,0,0,0,0,0,0,0,0,0,0,0,0,0,0,0,0,0,0,0,0,0,0,0,0,0,0,0,0,0,0,0,0,0,0,0,0,0,0,0,0,0,0,0,0,0,0,0,0,0,0,0,0,0,0,0,0,0,0,0,0,0,0,0,0,0,0,0,0,0,0,0,0,0,0,0,0,0,0,0,0,0,0,0,0,0,0,0,0,0,0,0,0,0,0,0,0,0,0,0,0,0,0,0,0,0,0,0,0,0,0,0,0,0,0,0,0,0,0,0,0,0,0,0,0,0,0,0,0,0,0,0,0,0,0,0,0,0,0,0,0,0,0,0,0,0,0,0,0,0,0,0,0,0,0,0,0,0,0,0,0,0,0,0,0,0,0,0,0,0,0,0,0,0,0,0,0,0,0,0,0,0,0,0,0,0,0,0,0,0,0,0,0,0,0,0,0,0,0,0,0,0,0,0,0,0,0,0,0,0,0,0,0,0,0,0,0,0,0,0,0,0,0,0,0,0,0,0,0,0,0,0,0,0,0,0,0,0,0,0,0,0,0,0,0,0,0,0,0,0,0,0,0,0,0,0,0,0,0,0,0,0,0,0,0,0,0,0,0,0,0,0,0,0,0,0,0,0,0,0,0,0,0,0,0,0,0,0,0,0,0,0,0,0,0,0,0,0,0,0,0,0,0,0,0,0,0,0,0,0,0,0,0,0,0,0,0,0,0,0,0,0,0,0,0,0,0,0,0,0,0,0,0,0,0,0,0,0,0,0,0,0,0,0,0,0,0,0,0,0,0,0,0,0,0,0,0,0,0,0,0,0,0,0,0,0,0,0,0,0,0,0,0,0,0,0,0,0,0,0,0,0,0,0,0,0,0,0,0,0,0,0,0,0,0,0,0,0,0,0,0,0,0,0,0,0,0,0,0,0,0,0,0,0,0,0,0,0,0,0,0,0,0,0,0,0,0,0,0,0,0,0,0,0,0,0,0,0,0,0,0,0,0,0,0,0,0,0,0,0,0,0,0,0,0,0,0,0,0,0,0,0,0,0,0,0,0,0,0,0,0,0,0,0,0,0,0,0,0,0,0,0,0,0,0,0,0,0,0,0,0,0,0,0,0,0,0,0,0,0,0,0,0,0,0,0,0,0,0,0,0,0,0,0,0,0,0,0,0,0,0,0,0,0,0,0,0,0,0,0,0,0,0,0,0,0,0,0,0,0,0,0,0,0,0,0,0,0,0,0,0,0,0,0,0,0,0,0,0,0,0,0,0,0,0,0,0,0,0,0,0,0,0,0,0,0,0,0,0,0,0,0,0,0,0,0,0,0,0,0,0,0,0,0,0,0,0,0,0,0,0,0,0,0,0,0,0,0,0,0,0,0,0,0,0,0,0,0,0,0,0,0,0,0,0,0,0,0,0,0,0,0,0,0,0,0,0,0,0,0,0,0,0,0,0,0,0,0,0,0,0,0,0,0,0,0,0,0,0,0,0,0,0,0,0,0,0,0,0,0,0,0,0,0,0,0,0,0,0,0,0,0,0,0,0,0,0,0,0,0,0,0,0,0,0,0,0,0,0,0,0,0,0,0,0,0,0,0,0,0,0,0,0,0,0,0,0,0,0,0,0,0,0,0,0,0,0,0,0,0,0,0,0,0,0,0,0,0,0,0,0,0,0,0,0,0,0,0,0,0,0,0,0,0,0,0,0,0,0,0,0,0,0,0,0,0,0,0,0,0,0,0,0,0,0,0,0,0,0,0,0,0,0,0,0,0,0,0,0,0,0,0,0,0,0,0,0,0,0,0,0,0,0,0,0,0,0,0,0,0,0,0,0,0,0,0,0,0,0,0,0,0,0,0,0,0,0,0,0,0,0,0,0,0,0,0,0,0,0,0,0,0,0,0,0,0,0,0,0,0,0,0,0,0,0,0,0,0,0,0,0,0,0,0,0,0,0,0,0,0,0,0,0,0,0,0,0,0,0,0,0,0,0,0,0,0,0,0,0,0,0,0,0,0,0,0,0,0,0,0,0,0,0,0,0,0,0,0,0,0,0,0,0,0,0,0,0,0,0,0,0,0,0,0,0,0,0,0,0,0,0,0,0,0,0,0,0,0,0,0,0,0,0,0,0,0,0,0,0,0,0,0,0,0,0,0,0,0,0,0,0,0,0,0,0,0,0,0,0,0,0,0,0,0,0,0,0,0,0,0,0,0,0,0,0,0,0,0,0,0,0,0,0,0,0,0,0,0,0,0,0,0,0,0,0,0,0,0,0,0,0,0,0,0,0,0,0,0,0,0,0,0,0,0,0,0,0,0,0,0,0,0,0,0,0,0,0,0,0,0,0,0,0,0,0,0,0,0,0,0,0,0,0,0,0,0,0,0,0,0,0,0,0,0,0,0,0,0,0,0,0,0,0,0,0,0,0,0,0,0,0,0,0,0],"examiner_book":[0,0,0,0,0,0,0,0,0,0,0,0,0,0,0,0,0,0,0,0,0,0,0,0,0,0,0,0,0,0,0,0,0,0,0,0,0,0,0,0,0,0,0,0,0,0,0,0,0,0,0,0,0,0,0,0,0,0,0,0,0,0,0,0,0,0,0,0,0,0,0,0,0,0,0,0,0,0,0,0,0,0,0,0,0,0,0,0,0,0,0,0,0,0,0,0,0,0,0,0,0,0,0,0,0,0,0,0,0,0,0,0,0,0,0,0,0,0,0,0,0,0,0,0,0,0,0,0,0,0,0,0,0,0,0,0,0,0,0,0,0,0,0,0,0,0,0,0,0,0,0,0,0,0,0,0,0,0,0,0,0,0,0,0,0,0,0,0,0,0,0,0,0,0,0,0,0,0,0,0,0,0,0,0,0,0,0,0,0,0,0,0,0,0,0,0,0,0,0,0,0,0,0,0,0,0,0,0,0,0,0,0,0,0,0,0,0,0,0,0,0,0,0,0,0,0,0,0,0,0,0,0,0,0,0,0,0,0,0,0,0,0,0,0,0,0,0,0,0,0,0,0,0,0,0,0,0,0,0,0,0,0,0,0,0,0,0,0,0,0,0,0,0,0,0,0,0,0,0,0,0,0,0,0,0,0,0,0,0,0,0,0,0,0,0,0,0,0,0,0,0,0,0,0,0,0,0,0,0,0,0,0,0,0,0,0,0,0,0,0,0,0,0,0,0,0,0,0,0,0,0,0,0,0,0,0,0,0,0,0,0,0,0,0,0,0,0,0,0,0,0,0,0,0,0,0,0,0,0,0,0,0,0,0,0,0,0,0,0,0,0,0,0,0,0,0,0,0,0,0,0,0,0,0,0,0,0,0,0,0,0,0,0,0,0,0,0,0,0,0,0,0,0,0,0,0,0,0,0,0,0,0,0,0,0,0,0,0,0,0,0,0,0,0,0,0,0,0,0,0,0,0,0,0,0,0,0,0,0,0,0,0,0,0,0,0,0,0,0,0,0,0,0,0,0,0,0,0,0,0,0,0,0,0,0,0,0,0,0,0,0,0,0,0,0,0,0,0,0,0,0,0,0,0,0,0,0,0,0,0,0,0,0,0,0,0,0,0,0,0,0,0,0,0,0,0,0,0,0,0,0,0,0,0,0,0,0,0,0,0,0,0,0,0,0,0,0,0,0,0,0,0,0,0,0,0,0,0,0,0,0,0,0,0,0,0,0,0,0,0,0,0,0,0,0,0,0,0,0,0,0,0,0,0,0,0,0,0,0,0,0,0,0,0,0,0,0,0,0,0,0,0,0,0,0,0,0,0,0,0,0,0,0,0,0,0,0,0,0,0,0,0,0,0,0,0,0,0,0,0,0,0,0,0,0,0,0,0,0,0,0,0,0,0,0,0,0,0,0,0,0,0,0,0,0,0,0,0,0,0,0,0,0,0,0,0,0,0,0,0,0,0,0,0,0,0,0,0,0,0,0,0,0,0,0,0,0,0,0,0,0,0,0,0,0,0,0,0,0,0,0,0,0,0,0,0,0,0,0,0,0,0,0,0,0,0,0,0,0,0,0,0,0,0,0,0,0,0,0,0,0,0,0,0,0,0,0,0,0,0,0,0,0,0,0,0,0,0,0,0,0,0,0,0,0,0,0,0,0,0,0,0,0,0,0,0,0,0,0,0,0,0,0,0,0,0,0,0,0,0,0,0,0,0,0,0,0,0,0,0,0,0,0,1,1,1,1,1,1,1,1,1,1,1,1,1,1,1,1,1,1,1,1,1,1,1,1,1,1,1,1,0,0,0,0,1,1,1,0,0,0,0,0,0,0,0,1,1,1,1,1,1,1,1,1,1,1,1,1,1,0,0,0,0,0,0,0,0,0,0,1,1,1,0,0,0,0,0,0,1,1,1,1,1,1,1,1,1,1,1,1,1,1,0,0,0,0,1,1,1,1,1,1,0,0,0,1,1,1,1,1,1,1,1,1,1,1,1,1,1,1,1,1,1,1,1,0,0,0,0,1,1,1,1,1,0,0,0,0,0,1,1,1,1,1,1,1,1,1,1,1,1,1,1,1,0,0,0,0,0,0,0,0,0,0,0,0,0,0,1,1,1,1,1,1,1,1,1,1,1,1,0,0,0,0,0,1,1,0,0,0,0,0,0,0,0,0,1,1,0,0,0,0,0,0,0,0,0,0,0,0,0,0,0,0,0,0,1,0,0,0,0,0,0,0,0,0,0,0,0,0,0,0,1,1,1,1,1,1,1,1,1,1,1,1,1,1,1,0,0,0,0,0,0,0,0,0,1,1,0,0,0,0,0,0,0,0,0,0,0,0,0,0,0,0,0,0,1,1,1,0,0,0,0,0,0,0,0,0,0,0,0,0,0,0,0,0,0,0,0,0,0,0,0,1,1,1,1,0,0,0,0,0,0,1,1,1,1,1,0,0,0,0,0,0,0,0,0,0,0,0,0,0,0,0,0,0,1,1,0,0,0,0,0,0,0,0,0,0,0,0,0,0,0,0,0,0,0,0,0,0,0,0,0,0,0,0,0,0,0,0,0,0,0,0,0,0,0,0,0,0,0,0,0,0,0,0,0,0,0,0,0,0,0,0,0,0,1,1,1,1,1,1,1,1,1,1,1,1,1,1,1,1,1,1,1,1,0,0,0,0,0,0,0,1,1,0,0,0,1,1,0,0,0,0,0,0,0,0,0,0,0,0,0,0,1,1,1,1,1,1,1,1,1,1,0,0,0,1,1,0,0,0,0,0,0,0,1,0,0,0,0,0,0,0,0,0,0,0,1,1,1,1,1,1,1,1,1,1,1,1,1,1,1,1,0,0,0,1,1,1,1,0,0,0,0,0,0,0,0,0,0,1,1,0,0,0,0,0,0,0,0,0,0,0,0,0,0,0,0,0,0,0,0,0,0,1,1,1,1,1,1,1,0,0,0,0,0,0,0,0,0,0,0,0,1,1,1,1,1,1,0,0,0,0,0,0,1,0,0,0,0,0,0,0,0,0,0,0,0,0,0,0,0,0,0,0,0,0,0,0,0,1,1,1,1,0,0,0,0,0,0,0,1,1,1,0,1,1,1,1,1,1,1,1,1,1,1,1,1,1,1,1,1,1,1,0,0,0,0,0,0,0,1,0,0,0,0,0,0,0,1,1,1,0,0,0,0,0,0,0,0,0,0,1,1,1,1,1,1,1,1,0,0,0,0,0,0,0,0,0,0,0,0,0,0,0,0,0,0,0,0,0,0,0,0,0,0,0,0,0,0,0,1,1,1,1,1,1,1,0,0,0,0,0,1,1,1,1,0,0,0,0,0,0,0,0,0,0,0,0,0,0,0,0,0,0,0,0,0,0,0,0,0,0,0,0,0,0,0,0,0,0,0,0,0,0,0,0,0,0,0,0,0,0,0,0,0,0,0,0,0,0,0,0,0,0,0,0,0,0,0,0,0,0,0,0,0,0,0,0,0,0,0,0,0,0,0,0,0,0,0,0,0,0,0,0,0,0,0,0,0,0,0,0,0,0,0,0,0,0,0,0,0,0,0,0,0,0,0,0,0,0,0,0,0,0,0,0,0,0,0,0,0,0,0,0,0,0,0,0,0,0,0,0,0,0,0,0,0,0,0,0,0,0,0,0,0,0,0,0,0,0,0,0,0,0,0,0,0,0,0,0,0,0,0,0,0,0,0,0,0,0,0,0,0,0,0,0,0,0,0,0,0,0,0,0,0,0,0,0,0,0,0,0,0,0,0,0,0,0,0,0,0,0,0,0,0,0,0,0,0,0,0,0,0,0,0,0,0,0,0,0,0,0,0,0,0,0,0,0,0,0,0,0,0,0,0,0,0,0,0,0,0,0,0,0,0,0,0,0,0,0,0,0,0,0,0,0,0,0,0,0,0,0,0,0,0,0,0,0,0,0,0,0,0,0,0,0,0,0,0,0,0,0,0,0,0,0,0,0,0,0,0,0,0,0,0,0,0,0,0,0,0,0,0,0,0,0,0,0,0,0,0,0,0,0,0,0,0,0,0,0,0,0,0,0,0,0,0,0,0,0,0,0,0,0,0,0,0,0,0,0,0,0,0,0,0,0,0,0,0,0,0,0,0,0,0,0,0,0,0,0,0,0,0,0,0,0,0,0,0,0,0,0,0,0,0,0,0,0,0,0,0,0,0,0,0,0,0,0,0,0,0,0,0,0,0,0,0,0,0,0,0,0,0,0,0,0,0,0,0,0,0,0,0,0,0,0,0,0,0,0,0,0,0,0,0,0,0,0,0,0,0,0,0,0,0,0,0,0,0,0,0,0,0,0,0,0,0,0,0,0,0,0,0,0,0,0,0,0,0,0,0,0,0,0,0,0,0,0,0,0,0,0,0,0,0,0,0,0,0,0,0,0,0,0,0,0,0,0,0,0,0,0,0,0,0,0,0,0,0,0,0,0,0,0,0,0,0,0,0,0,0,0,0,0,0,0,0,0,0,0,0,0,0,0,0,0,0,0,0,0,0,0,0,0,0,0,0,0,0,0,0,0,0,0,0,0,0,0,0,0,0,0,0,0,0,0,0,0,0,0,0,0,0,0,0,0,0,0,0,0,0,0,0,0,0,0,0,0,0,0,0,0,0,0,0,0,0,0,0,0,0,0,0,0,0,0,0,0,0,0,0,0,0,0,0,0,0,0,0,0,0,0,0,0,0,0,0,0,0,0,0,0,0,0,0,0,0,0,0,0,0,0,0,0,0,0,0,0,0,0,0,0,0,0,0,0,0,0,0,0,0,0,0,0,0,0,0,0,0,0,0,0,0,0,0,0,0,0,0,0,0,0,0,0,0,0,0,0,0,0,0,0,0,0,0,0,0,0,0,0,0,0,0,0,0,0,0,0,0,0,0,0,0,0,0,0,0,0,0,0,0,0,0,0,0,0,0,0,0,0,0,0,0,0,0,0,0,0,0,0,0,0,0,0,0,0,0,0,0,0,0,0,0,0,0,0,0,0,0,0,0,0,0,0,0,0,0,0,0,0,0,0,0,0,0,0,0,0,0,0,0,0,0,0,0,0,0,0,0,0,0,0,0,0,0,0,0,0,0,0,0,0,0,0,0,0,0,0,0,0,0,0,0,0,0,0,0,0,0,0,0,0,0,0,0,0,0,0,0,0,0,0,0,0,0,0,0,0,0,0,0,0,0,0,0,0,0,0,0,0,0,0,0,0,0,0,0,0,0,0,0,0,0,0,0,0,0,0,0,0,0,0,0,0,0,0,0,0,0,0,0,0,0,0,0,0,0,0,0,0,0,0,0,0,0,0,0,0,0,0,0,0,0,0,0,0,0,0,0,0,0,0,0,0,0,0,0,0,0,0,0,0,0,0,0,0,0,0,0,0,0,0,0,0,0,0,0,0,0,0,0,0,0,0,0,0,0,0,0,0,0,0,0,0,0,0,0,0,0,0,0,0,0,0],"aggregate":[{"start": 45.289, "end": 47.432, "val": "child_ex_face"},{"start": 48.222, "end": 49.508, "val": "child_ex_face"},{"start": 51.819, "end": 52.664, "val": "child_ball"},{"start": 52.739, "end": 52.937, "val": "child_ex_face"},{"start": 52.944, "end": 56.584, "val": "child_ball"},{"start": 56.73, "end": 58.25, "val": "child_ex_face"},{"start": 58.41, "end": 59.05, "val": "child_ball"},{"start": 63.97, "end": 64.53, "val": "child_ball"},{"start": 64.53, "end": 65.45, "val": "child_unscorable"},{"start": 65.45, "end": 67.21, "val": "child_ball"},{"start": 67.37, "end": 67.97, "val": "child_ex_face"},{"start": 68.1, "end": 68.46, "val": "child_ball"},{"start": 68.62, "end": 69.06, "val": "child_ex_face"},{"start": 69.18, "end": 70.02, "val": "child_ball"},{"start": 70.18, "end": 71.62, "val": "child_ex_face"},{"start": 78.798, "end": 79.998, "val": "child_unscorable"},{"start": 79.998, "end": 81.118, "val": "child_ball"},{"start": 81.238, "end": 82.678, "val": "child_ex_face"},{"start": 82.838, "end": 83.958, "val": "child_ball"},{"start": 84.118, "end": 84.718, "val": "child_ex_face"},{"start": 85.174, "end": 86.294, "val": "child_ex_face"},{"start": 89.333, "end": 89.813, "val": "child_unscorable"},{"start": 97.496, "end": 103.54, "val": "child_ex_face"},{"start": 103.74, "end": 104.86, "val": "child_ball"},{"start": 105.58, "end": 106.1, "val": "child_ex_face"},{"start": 112.304, "end": 113.344, "val": "child_unscorable"},{"start": 114.024, "end": 116.344, "val": "child_ex_face"},{"start": 118.049, "end": 120.695, "val": "child_book"},{"start": 120.855, "end": 121.455, "val": "child_ex_face"},{"start": 121.575, "end": 127.586, "val": "child_book"},{"start": 127.706, "end": 129.283, "val": "child_ex_face"},{"start": 129.403, "end": 136.855, "val": "child_book"},{"start": 140.619, "end": 141.728, "val": "child_book"},{"start": 141.888, "end": 142.896, "val": "child_ex_face"},{"start": 143.016, "end": 143.954, "val": "child_book"},{"start": 144.074, "end": 144.554, "val": "child_ex_face"},{"start": 144.674, "end": 146.194, "val": "child_book"},{"start": 146.354, "end": 149.034, "val": "child_ex_face"},{"start": 149.154, "end": 156.985, "val": "child_book"},{"start": 157.185, "end": 158.345, "val": "child_ex_face"},{"start": 158.437, "end": 173.37, "val": "child_book"},{"start": 173.53, "end": 175.616, "val": "child_ex_face"},{"start": 175.65, "end": 179.93, "val": "child_book"},{"start": 180.13, "end": 181.37, "val": "child_ex_face"},{"start": 183.175, "end": 184.695, "val": "child_book"},{"start": 184.855, "end": 186.095, "val": "child_ex_face"},{"start": 186.215, "end": 187.775, "val": "child_book"},{"start": 187.892, "end": 188.713, "val": "child_ex_face"},{"start": 188.812, "end": 190.192, "val": "child_book"},{"start": 190.415, "end": 191.335, "val": "child_ex_face"},{"start": 191.575, "end": 193.155, "val": "child_book"},{"start": 193.896, "end": 196.795, "val": "child_ex_face"},{"start": 197.513, "end": 201.313, "val": "child_ex_face"},{"start": 201.473, "end": 202.873, "val": "child_book"},{"start": 203.793, "end": 205.233, "val": "child_ex_face"},{"start": 205.353, "end": 206.833, "val": "child_ex_hands"},{"start": 207.033, "end": 208.153, "val": "child_ex_face"},{"start": 208.673, "end": 209.033, "val": "child_ex_hands"},{"start": 209.073, "end": 210.273, "val": "child_ex_face"},{"start": 210.393, "end": 210.593, "val": "child_ex_hands"},{"start": 210.833, "end": 211.273, "val": "child_ex_face"},{"start": 212.113, "end": 213.313, "val": "child_ex_face"},{"start": 214.909, "end": 215.54, "val": "child_ex_hands"},{"start": 215.639, "end": 215.932, "val": "child_ex_face"},{"start": 218.26, "end": 218.687, "val": "child_ex_face"},{"start": 228.028, "end": 228.268, "val": "child_ex_hands"},{"start": 230.468, "end": 230.788, "val": "child_ex_face"},{"start": 234.188, "end": 234.828, "val": "child_ex_face"},{"start": 234.908, "end": 235.548, "val": "child_ex_hands"},{"start": 236.348, "end": 237.948, "val": "child_ex_face"},{"start": 240.548, "end": 240.988, "val": "child_ex_face"},{"start": 241.068, "end": 241.268, "val": "child_ex_hands"},{"start": 276.346, "end": 280.026, "val": "child_ex_face"},{"start": 287.3, "end": 288.1, "val": "child_ex_face"},{"start": 44.6, "end": 49.69, "val": "examiner_c_face"},{"start": 51.455, "end": 58.055, "val": "examiner_c_face"},{"start": 58.095, "end": 58.805, "val": "examiner_ball"},{"start": 58.845, "end": 60.495, "val": "examiner_c_face"},{"start": 66.45, "end": 69.32, "val": "examiner_c_face"},{"start": 69.355, "end": 70.175, "val": "examiner_ball"},{"start": 70.205, "end": 70.845, "val": "examiner_c_face"},{"start": 70.875, "end": 71.165, "val": "examiner_ball"},{"start": 71.19, "end": 71.44, "val": "examiner_c_face"},{"start": 71.465, "end": 71.645, "val": "examiner_ball"},{"start": 71.675, "end": 72.625, "val": "examiner_c_face"},{"start": 81.13, "end": 82.82, "val": "examiner_c_face"},{"start": 82.845, "end": 83.175, "val": "examiner_ball"},{"start": 83.2, "end": 85.14, "val": "examiner_c_face"},{"start": 85.17, "end": 85.25, "val": "examiner_ball"},{"start": 85.27, "end": 86.02, "val": "examiner_c_face"},{"start": 86.045, "end": 86.255, "val": "examiner_ball"},{"start": 86.29, "end": 87.15, "val": "examiner_c_face"},{"start": 87.17, "end": 87.48, "val": "examiner_ball"},{"start": 87.505, "end": 88.655, "val": "examiner_c_face"},{"start": 96.05, "end": 104.93, "val": "examiner_c_face"},{"start": 104.97, "end": 105.42, "val": "examiner_ball"},{"start": 105.455, "end": 106.265, "val": "examiner_c_face"},{"start": 106.3, "end": 106.91, "val": "examiner_ball"},{"start": 117.805, "end": 121.905, "val": "examiner_c_face"},{"start": 121.925, "end": 124.775, "val": "examiner_book"},{"start": 124.81, "end": 125.14, "val": "examiner_c_face"},{"start": 125.175, "end": 125.505, "val": "examiner_book"},{"start": 125.54, "end": 126.18, "val": "examiner_c_face"},{"start": 126.21, "end": 127.69, "val": "examiner_book"},{"start": 127.91, "end": 128.58, "val": "examiner_c_face"},{"start": 128.615, "end": 128.965, "val": "examiner_book"},{"start": 129.0, "end": 129.55, "val": "examiner_c_face"},{"start": 129.585, "end": 131.075, "val": "examiner_book"},{"start": 131.1, "end": 131.34, "val": "examiner_c_face"},{"start": 131.37, "end": 132.04, "val": "examiner_book"},{"start": 132.085, "end": 132.255, "val": "examiner_c_face"},{"start": 132.27, "end": 134.37, "val": "examiner_book"},{"start": 134.39, "end": 134.64, "val": "examiner_c_face"},{"start": 134.685, "end": 135.195, "val": "examiner_book"},{"start": 135.23, "end": 135.57, "val": "examiner_c_face"},{"start": 135.61, "end": 137.15, "val": "examiner_book"},{"start": 137.19, "end": 137.52, "val": "examiner_c_face"},{"start": 137.565, "end": 138.465, "val": "examiner_c_face"},{"start": 138.505, "end": 139.785, "val": "examiner_book"},{"start": 139.815, "end": 140.195, "val": "examiner_c_face"},{"start": 140.245, "end": 140.475, "val": "examiner_book"},{"start": 140.51, "end": 141.34, "val": "examiner_c_face"},{"start": 141.375, "end": 141.655, "val": "examiner_book"},{"start": 141.695, "end": 143.345, "val": "examiner_c_face"},{"start": 143.36, "end": 143.54, "val": "examiner_book"},{"start": 143.58, "end": 144.85, "val": "examiner_c_face"},{"start": 144.905, "end": 146.485, "val": "examiner_book"},{"start": 146.505, "end": 147.365, "val": "examiner_c_face"},{"start": 147.395, "end": 147.625, "val": "examiner_book"},{"start": 147.66, "end": 149.3, "val": "examiner_c_face"},{"start": 149.335, "end": 149.695, "val": "examiner_book"},{"start": 149.735, "end": 152.035, "val": "examiner_c_face"},{"start": 152.065, "end": 152.525, "val": "examiner_book"},{"start": 152.565, "end": 153.065, "val": "examiner_c_face"},{"start": 153.095, "end": 153.695, "val": "examiner_book"},{"start": 153.735, "end": 155.325, "val": "examiner_c_face"},{"start": 155.38, "end": 155.66, "val": "examiner_book"},{"start": 155.7, "end": 161.35, "val": "examiner_c_face"},{"start": 161.385, "end": 163.415, "val": "examiner_book"},{"start": 163.44, "end": 163.99, "val": "examiner_c_face"},{"start": 164.015, "end": 164.255, "val": "examiner_book"},{"start": 164.295, "end": 164.545, "val": "examiner_c_face"},{"start": 164.57, "end": 164.77, "val": "examiner_book"},{"start": 164.81, "end": 166.08, "val": "examiner_c_face"},{"start": 166.115, "end": 167.135, "val": "examiner_book"},{"start": 167.175, "end": 167.415, "val": "examiner_c_face"},{"start": 167.455, "end": 167.755, "val": "examiner_book"},{"start": 167.785, "end": 168.325, "val": "examiner_c_face"},{"start": 168.365, "end": 168.525, "val": "examiner_book"},{"start": 168.565, "end": 169.535, "val": "examiner_c_face"},{"start": 169.565, "end": 171.195, "val": "examiner_book"},{"start": 171.24, "end": 171.43, "val": "examiner_c_face"},{"start": 171.465, "end": 171.945, "val": "examiner_book"},{"start": 171.965, "end": 172.125, "val": "examiner_c_face"},{"start": 172.875, "end": 173.105, "val": "examiner_book"},{"start": 173.13, "end": 175.17, "val": "examiner_c_face"},{"start": 175.22, "end": 175.93, "val": "examiner_book"},{"start": 175.975, "end": 177.115, "val": "examiner_c_face"},{"start": 177.165, "end": 177.845, "val": "examiner_book"},{"start": 177.895, "end": 178.325, "val": "examiner_c_face"},{"start": 178.36, "end": 178.5, "val": "examiner_book"},{"start": 178.53, "end": 180.87, "val": "examiner_c_face"},{"start": 180.89, "end": 181.29, "val": "examiner_book"},{"start": 181.31, "end": 181.91, "val": "examiner_c_face"},{"start": 181.97, "end": 182.3, "val": "examiner_book"},{"start": 182.345, "end": 184.255, "val": "examiner_book"},{"start": 184.3, "end": 184.91, "val": "examiner_c_face"},{"start": 184.935, "end": 185.065, "val": "examiner_book"},{"start": 185.08, "end": 185.69, "val": "examiner_c_face"},{"start": 185.72, "end": 186.08, "val": "examiner_book"},{"start": 186.11, "end": 187.0, "val": "examiner_c_face"},{"start": 187.045, "end": 187.865, "val": "examiner_book"},{"start": 187.895, "end": 190.895, "val": "examiner_c_face"},{"start": 190.965, "end": 191.745, "val": "examiner_book"},{"start": 191.785, "end": 192.095, "val": "examiner_c_face"},{"start": 192.13, "end": 192.62, "val": "examiner_book"},{"start": 192.645, "end": 193.235, "val": "examiner_c_face"},{"start": 193.27, "end": 202.33, "val": "examiner_c_face"},{"start": 204.31, "end": 221.99, "val": "examiner_c_face"},{"start": 225.18, "end": 243.32, "val": "examiner_c_face"}]}